Sale_ID,Date,Brand,Model,Year,Price,Quantity,City,Salesperson,Payment_Method,Customer_Age,Revenue
1,2025-04-13,Honda,Civic,2022,27300.0,3,Irbid,Sara,Bank Transfer,31.0,81900.0
2,2025-05-30,Mercedes,C-Class,2023,47800.0,1,Salt,Omar,Installment,50.0,47800.0
3,2025-11-10,Ford,Fusion,2023,24200.0,2,Madaba,Yousef,Installment,45.0,48400.0
4,2025-07-07,Toyota,RAV4,2022,35600.0,2,Jerash,Noor,Credit Card,23.0,71200.0
5,2025-03-30,Kia,Sportage,2024,31100.0,1,Aqaba,Noor,Credit Card,29.0,31100.0
6,2025-09-21,BMW,3 Series,2021,51100.0,2,Jerash,Sara,Credit Card,37.0,102200.0
7,2025-09-17,Hyundai,Sonata,2023,27000.0,1,Madaba,Yousef,Bank Transfer,38.0,27000.0
8,2025-07-09,BMW,5 Series,2021,69500.0,2,Salt,Dana,Cash,38.0,139000.0
9,2025-02-10,Honda,Civic,2021,28500.0,2,Salt,Khaled,Cash,21.0,57000.0
10,2025-05-16,Toyota,RAV4,2020,39200.0,2,Jerash,Sara,Bank Transfer,37.0,78400.0
11,2025-08-19,Mercedes,GLC,2020,63700.0,1,Irbid,Ahmad,Installment,27.0,63700.0
12,2025-04-09,Toyota,Camry,2020,27800.0,3,Aqaba,Dana,Credit Card,47.0,83400.0
13,2025-09-14,Mercedes,C-Class,2022,47400.0,1,Salt,Omar,Bank Transfer,34.0,47400.0
14,2025-02-11,Honda,CR-V,2020,36400.0,1,Aqaba,Yousef,Bank Transfer,52.0,36400.0
15,2025-08-10,Honda,Civic,2023,25800.0,2,Salt,Khaled,Bank Transfer,35.0,51600.0
16,2025-08-31,Mercedes,C-Class,2023,59000.0,1,Madaba,Lina,Credit Card,26.0,59000.0
17,2025-12-14,Hyundai,Sonata,2025,28700.0,1,Amman,Khaled,Credit Card,53.0,28700.0
18,2025-08-21,Toyota,Corolla,2022,23900.0,2,Zarqa,Khaled,Credit Card,28.0,47800.0
19,2025-08-22,Mercedes,C-Class,2025,48900.0,1,Aqaba,Dana,Bank Transfer,52.0,48900.0
20,2025-09-25,Toyota,Corolla,2025,27400.0,2,Madaba,Khaled,Credit Card,23.0,54800.0
21,2025-04-23,Toyota,Corolla,2020,27600.0,1,Irbid,Omar,Installment,43.0,27600.0
22,2025-02-22,Kia,Cerato,2020,19800.0,1,Aqaba,Omar,Installment,26.0,19800.0
23,2025-09-12,Honda,CR-V,2022,33300.0,1,Madaba,Dana,Cash,54.0,33300.0
24,2025-07-20,Ford,Fusion,2022,28600.0,1,Aqaba,Sara,Credit Card,36.0,28600.0
25,2025-12-12,Kia,Sportage,2023,30000.0,2,Zarqa,Khaled,Bank Transfer,40.0,60000.0
26,2025-12-26,Honda,Civic,2020,24700.0,1,Amman,Sara,Installment,45.0,24700.0
27,2025-05-24,BMW,X3,2025,61900.0,2,Irbid,Dana,Cash,22.0,123800.0
28,2025-01-09,Toyota,Camry,2023,32000.0,1,Amman,Sara,Bank Transfer,36.0,32000.0
29,2025-04-23,Mercedes,E-Class,2020,71600.0,1,Aqaba,Noor,Installment,40.0,71600.0
30,2025-12-15,Ford,Explorer,2025,44200.0,1,Irbid,Dana,Credit Card,38.0,44200.0
31,2025-06-10,BMW,5 Series,2022,65500.0,1,Aqaba,Ahmad,Credit Card,41.0,65500.0
32,2025-06-25,Hyundai,Tucson,2022,31700.0,1,Aqaba,Sara,Bank Transfer,42.0,31700.0
33,2025-02-20,Honda,Accord,2025,31200.0,3,Madaba,Dana,Bank Transfer,47.0,93600.0
34,2025-11-13,BMW,3 Series,2025,50600.0,1,Zarqa,Lina,Bank Transfer,37.0,50600.0
35,2025-08-21,Hyundai,Sonata,2024,26800.0,1,Salt,Dana,Cash,51.0,26800.0
36,2025-06-10,Mercedes,C-Class,2023,49900.0,3,Zarqa,Dana,Credit Card,45.0,149700.0
37,2025-10-15,BMW,X3,2025,61900.0,1,Jerash,Noor,Bank Transfer,22.0,61900.0
38,2025-04-14,Honda,CR-V,2021,38000.0,1,Amman,Ahmad,Bank Transfer,59.0,38000.0
39,2025-01-13,Kia,K5,2021,29700.0,1,Aqaba,Omar,Bank Transfer,56.0,29700.0
40,2025-05-23,Kia,Cerato,2025,23000.0,2,Aqaba,Omar,Credit Card,52.0,46000.0
41,2025-03-04,Honda,CR-V,2025,32900.0,1,Madaba,Yousef,Credit Card,42.0,32900.0
42,2025-04-11,Toyota,Camry,2025,29800.0,1,Amman,Dana,Cash,25.0,29800.0
43,2025-11-07,Honda,Accord,2024,28000.0,1,Aqaba,Dana,Cash,50.0,28000.0
44,2025-08-17,Mercedes,C-Class,2022,51900.0,1,Irbid,Yousef,Credit Card,43.0,51900.0
45,2025-05-02,Honda,Civic,2023,24800.0,1,Amman,Khaled,Credit Card,52.0,24800.0
46,2025-09-29,Ford,Fusion,2020,27500.0,3,Salt,Khaled,Installment,25.0,82500.0
47,2025-03-27,Ford,Focus,2022,21800.0,1,Amman,Yousef,Credit Card,48.0,21800.0
48,2025-07-23,Kia,Sportage,2020,29900.0,2,Irbid,Omar,Installment,41.0,59800.0
49,2025-01-10,Honda,Civic,2025,24900.0,1,Madaba,Yousef,Installment,54.0,24900.0
50,2025-04-06,Hyundai,Tucson,2021,31500.0,1,Amman,Dana,Cash,24.0,31500.0
51,2025-12-06,Honda,Accord,2020,33400.0,1,Aqaba,Omar,Bank Transfer,53.0,33400.0
52,2025-11-19,Toyota,Corolla,2022,26400.0,2,Amman,Ahmad,Installment,30.0,52800.0
53,2025-09-10,Mercedes,C-Class,2024,48800.0,1,Zarqa,Omar,Bank Transfer,43.0,48800.0
54,2025-04-25,Toyota,Camry,2024,34400.0,1,Amman,Khaled,Installment,31.0,34400.0
55,2025-12-23,Kia,Cerato,2024,24000.0,2,Amman,Dana,Installment,55.0,48000.0
56,2025-09-25,Toyota,RAV4,2023,35300.0,3,Amman,Khaled,Cash,43.0,105900.0
57,2025-03-03,Toyota,RAV4,2020,35400.0,1,Aqaba,Dana,Cash,42.0,35400.0
58,2025-08-21,Kia,Sportage,2022,30500.0,2,Zarqa,Lina,,27.0,61000.0
59,2025-03-10,Hyundai,Sonata,2023,29000.0,3,Zarqa,Lina,Cash,41.0,87000.0
60,2025-02-11,Hyundai,Elantra,2020,20000.0,3,Irbid,Khaled,Credit Card,51.0,60000.0
61,2025-11-27,BMW,3 Series,2022,53700.0,1,Irbid,Khaled,Installment,29.0,53700.0
62,2025-06-17,BMW,5 Series,2023,69100.0,3,Irbid,Ahmad,Credit Card,47.0,207300.0
63,2025-05-16,BMW,5 Series,2024,63200.0,1,Salt,Ahmad,Credit Card,37.0,63200.0
64,2025-03-11,Honda,CR-V,2020,35400.0,2,Aqaba,Khaled,Bank Transfer,59.0,70800.0
65,2025-06-22,Mercedes,E-Class,2021,65900.0,1,Salt,Omar,Installment,40.0,65900.0
66,2025-12-14,Hyundai,Elantra,2020,23800.0,1,Madaba,Ahmad,Bank Transfer,45.0,23800.0
67,2025-06-22,Toyota,Camry,2024,35300.0,2,Salt,Yousef,Bank Transfer,41.0,70600.0
68,2025-08-15,Ford,Focus,2022,25900.0,2,Zarqa,Lina,Cash,38.0,51800.0
69,2025-02-23,Honda,Civic,2020,26700.0,1,Madaba,Sara,Installment,43.0,26700.0
70,2025-06-05,Toyota,RAV4,2023,41000.0,2,Salt,Dana,Credit Card,48.0,82000.0
71,2025-08-08,Hyundai,Sonata,2021,26400.0,2,Salt,Ahmad,Installment,47.0,52800.0
72,2025-07-31,Ford,Explorer,2020,37300.0,3,Salt,Lina,Installment,49.0,111900.0
73,2025-09-13,Kia,K5,2022,29800.0,1,Salt,Khaled,Cash,22.0,29800.0
74,2025-04-29,BMW,5 Series,2021,63800.0,3,Amman,Noor,Cash,38.0,191400.0
75,2025-12-08,Honda,Civic,2022,26000.0,1,Zarqa,Sara,Cash,33.0,26000.0
76,2025-11-07,Toyota,Camry,2020,30800.0,1,Madaba,Lina,Cash,25.0,30800.0
77,2025-02-22,Honda,Civic,2025,28200.0,3,Salt,Omar,Credit Card,39.0,84600.0
78,2025-02-20,Toyota,Corolla,2025,22400.0,1,Salt,Yousef,Installment,21.0,22400.0
79,2025-09-07,Toyota,Camry,2023,29500.0,1,Irbid,Noor,Credit Card,23.0,29500.0
80,2025-08-10,Mercedes,E-Class,2023,74800.0,2,Zarqa,Ahmad,Cash,43.0,149600.0
81,2025-04-13,Honda,Civic,2024,26300.0,1,Madaba,Dana,Installment,54.0,26300.0
82,2025-11-04,Ford,Fusion,2021,27300.0,1,Amman,Noor,Cash,44.0,27300.0
83,2025-10-12,Honda,Accord,2021,33400.0,3,Aqaba,Omar,Installment,37.0,100200.0
84,2025-02-03,BMW,3 Series,2023,43100.0,3,Madaba,Yousef,Credit Card,33.0,129300.0
85,2025-04-21,Ford,Explorer,2022,36800.0,1,Amman,Khaled,Bank Transfer,36.0,36800.0
86,2025-12-26,Honda,CR-V,2025,36300.0,2,Aqaba,Dana,Cash,23.0,72600.0
87,2025-05-02,Mercedes,GLC,2024,69700.0,3,Zarqa,Sara,Cash,25.0,209100.0
88,2025-05-13,BMW,5 Series,2024,55100.0,1,Amman,Lina,Credit Card,54.0,55100.0
89,2025-10-09,Toyota,Camry,2021,33100.0,1,Amman,Khaled,Cash,42.0,33100.0
90,2025-12-03,Honda,Accord,2022,33900.0,3,Irbid,Lina,Cash,28.0,101700.0
91,2025-01-28,Toyota,RAV4,2024,41300.0,1,Jerash,Noor,Installment,22.0,41300.0
92,2025-01-07,Kia,K5,2025,24800.0,1,Zarqa,Khaled,Bank Transfer,38.0,24800.0
93,2025-04-29,BMW,5 Series,2022,61200.0,1,Salt,Lina,Credit Card,59.0,61200.0
94,2025-01-25,Toyota,Corolla,2025,23200.0,2,Amman,Yousef,Installment,45.0,46400.0
95,2025-04-21,Hyundai,Sonata,2022,29500.0,1,Aqaba,Khaled,Credit Card,54.0,29500.0
96,2025-04-11,Honda,Civic,2023,22900.0,1,Madaba,Lina,Credit Card,54.0,22900.0
97,2025-10-16,Mercedes,GLC,2024,59100.0,1,Salt,Noor,Cash,26.0,59100.0
98,2025-09-04,Ford,Explorer,2023,43300.0,1,,Sara,Bank Transfer,60.0,43300.0
99,2025-03-16,Kia,Sportage,2025,30600.0,2,Aqaba,Khaled,Credit Card,50.0,61200.0
100,2025-01-26,Ford,Explorer,2025,44100.0,1,Zarqa,Yousef,Installment,25.0,44100.0
101,2025-08-13,Ford,Fusion,2025,27900.0,2,Aqaba,Ahmad,Installment,21.0,55800.0
102,2025-12-22,BMW,5 Series,2025,64300.0,1,Salt,Sara,Bank Transfer,53.0,64300.0
103,2025-06-21,Ford,Fusion,2021,26700.0,1,Irbid,Yousef,,,26700.0
104,2025-02-07,Hyundai,Elantra,2024,19400.0,1,Jerash,Sara,Credit Card,51.0,19400.0
105,2025-11-30,Toyota,Corolla,2025,26000.0,1,Salt,Dana,Bank Transfer,29.0,26000.0
106,2025-11-16,BMW,X3,2022,65500.0,2,Salt,Dana,Bank Transfer,57.0,131000.0
107,2025-12-05,Ford,Fusion,2022,24000.0,3,Zarqa,Noor,Credit Card,24.0,72000.0
108,2025-05-05,Toyota,Corolla,2021,23700.0,1,Madaba,Ahmad,Bank Transfer,35.0,23700.0
109,2025-11-05,Toyota,Corolla,2020,26900.0,1,Zarqa,Khaled,Bank Transfer,26.0,26900.0
110,2025-01-15,Ford,Explorer,2022,37800.0,2,Jerash,Yousef,Cash,50.0,75600.0
111,2025-04-07,Honda,CR-V,2023,39100.0,1,Salt,Yousef,Bank Transfer,53.0,39100.0
112,2025-11-26,Ford,Fusion,2021,28200.0,1,Amman,Noor,Credit Card,33.0,28200.0
113,2025-07-03,Honda,CR-V,2023,34100.0,2,Jerash,Yousef,Installment,25.0,68200.0
114,2025-04-05,Kia,Sportage,2023,33300.0,1,Zarqa,Sara,Installment,56.0,33300.0
115,2025-09-11,BMW,X3,2022,56500.0,1,Irbid,Dana,Credit Card,26.0,56500.0
116,2025-08-06,Honda,CR-V,2021,38600.0,2,Salt,Dana,Credit Card,38.0,77200.0
117,2025-12-22,Toyota,Corolla,2023,25000.0,2,Aqaba,Yousef,Installment,,50000.0
118,2025-02-20,Honda,Accord,2020,31100.0,1,Salt,Noor,Installment,42.0,31100.0
119,2025-12-12,Mercedes,GLC,2020,55500.0,3,Madaba,Lina,Credit Card,43.0,166500.0
120,2025-11-05,Toyota,Corolla,2025,24500.0,3,Amman,Omar,Installment,46.0,73500.0
121,2025-10-21,Toyota,RAV4,2023,36900.0,1,Irbid,Khaled,Credit Card,47.0,36900.0
122,2025-12-30,BMW,X3,2020,60200.0,1,Zarqa,Sara,Credit Card,44.0,60200.0
123,2025-06-26,Toyota,RAV4,2023,35800.0,1,Salt,Khaled,Bank Transfer,42.0,35800.0
124,2025-03-25,BMW,5 Series,2024,63200.0,1,Amman,Ahmad,Installment,42.0,63200.0
125,2025-08-12,Hyundai,Tucson,2024,27900.0,1,Salt,Noor,Bank Transfer,39.0,27900.0
126,2025-10-13,Ford,Fusion,2024,27300.0,3,Zarqa,Omar,Cash,34.0,81900.0
127,2025-04-23,Mercedes,GLC,2021,62300.0,2,Irbid,Noor,Credit Card,24.0,124600.0
128,2025-06-11,Toyota,Corolla,2022,23500.0,1,Aqaba,Ahmad,Bank Transfer,48.0,23500.0
129,2025-09-04,BMW,X3,2024,57400.0,1,Zarqa,Dana,Bank Transfer,28.0,57400.0
130,2025-04-02,Ford,Focus,2024,21300.0,1,Jerash,Dana,Credit Card,55.0,21300.0
131,2025-06-14,Ford,Fusion,2022,29600.0,2,Madaba,Yousef,Credit Card,51.0,59200.0
132,2025-05-27,Honda,Accord,2021,27100.0,3,Salt,Sara,Installment,49.0,81300.0
133,2025-01-11,Hyundai,Sonata,2021,31500.0,3,Irbid,Khaled,Credit Card,23.0,94500.0
134,2025-09-13,Honda,CR-V,2023,37500.0,3,Madaba,Ahmad,Credit Card,55.0,112500.0
135,2025-07-21,Hyundai,Sonata,2025,30500.0,1,Madaba,Dana,Bank Transfer,43.0,30500.0
136,2025-02-09,Toyota,Camry,2022,31600.0,1,Irbid,Yousef,Cash,59.0,31600.0
137,2025-06-03,Toyota,Camry,2025,34300.0,2,Irbid,Yousef,Cash,54.0,68600.0
138,2025-02-11,Honda,Civic,2022,27600.0,3,Aqaba,Ahmad,Credit Card,54.0,82800.0
139,2025-03-28,Toyota,Corolla,2020,24300.0,2,Salt,Omar,Credit Card,41.0,48600.0
140,2025-09-25,Mercedes,C-Class,2025,56000.0,1,Salt,Ahmad,Cash,27.0,56000.0
141,2025-07-09,BMW,3 Series,2020,47700.0,2,Irbid,Noor,Installment,22.0,95400.0
142,2025-10-19,Hyundai,Sonata,2022,26000.0,3,Zarqa,Omar,Cash,41.0,78000.0
143,2025-11-06,Mercedes,GLC,2023,65500.0,1,Irbid,Khaled,Bank Transfer,44.0,65500.0
144,2025-02-05,Ford,Fusion,2024,26300.0,1,Jerash,Lina,Bank Transfer,55.0,26300.0
145,2025-07-20,Hyundai,Tucson,2020,30400.0,3,Irbid,Omar,Cash,29.0,91200.0
146,2025-04-14,Toyota,Corolla,2020,24300.0,1,Irbid,Ahmad,Bank Transfer,55.0,24300.0
147,2025-04-12,Mercedes,E-Class,2024,59900.0,1,Irbid,Lina,Bank Transfer,57.0,59900.0
148,2025-11-26,Hyundai,Tucson,2022,34200.0,1,Amman,Khaled,Cash,32.0,34200.0
149,2025-07-17,Ford,Explorer,2024,42300.0,3,Amman,Omar,Cash,32.0,126900.0
150,2025-02-16,Honda,CR-V,2021,30400.0,1,Irbid,Dana,Bank Transfer,37.0,30400.0
151,2025-01-07,Honda,Accord,2024,30200.0,3,Amman,Sara,Installment,28.0,90600.0
152,2025-04-13,BMW,X3,2024,58500.0,2,Amman,Noor,Bank Transfer,44.0,117000.0
153,2025-07-02,Mercedes,C-Class,2021,58200.0,1,Jerash,Lina,Bank Transfer,35.0,58200.0
154,2025-06-10,Toyota,Corolla,2025,23200.0,1,Salt,Omar,Installment,22.0,23200.0
155,2025-09-04,Honda,CR-V,2021,39000.0,1,Salt,Yousef,Credit Card,52.0,39000.0
156,2025-11-14,Mercedes,GLC,2025,59500.0,1,Salt,Lina,Cash,36.0,59500.0
157,2025-12-25,Hyundai,Tucson,2020,32600.0,1,Aqaba,Yousef,Cash,50.0,32600.0
158,2025-11-20,Toyota,RAV4,2024,35100.0,1,Irbid,Noor,Cash,45.0,35100.0
159,2025-12-10,Toyota,Corolla,2025,21400.0,1,Aqaba,Lina,Bank Transfer,57.0,21400.0
160,2025-03-03,Kia,Cerato,2022,21800.0,1,Salt,Omar,Cash,27.0,21800.0
161,2025-08-31,Hyundai,Tucson,2023,33200.0,3,Salt,Noor,Credit Card,54.0,99600.0
162,2025-09-19,Toyota,Camry,2020,28800.0,1,Salt,Yousef,Credit Card,43.0,28800.0
163,2025-03-02,Toyota,Corolla,2022,25000.0,1,Zarqa,Omar,Bank Transfer,38.0,25000.0
164,2025-04-30,Ford,Focus,2022,25300.0,3,Salt,Khaled,Cash,29.0,75900.0
165,2025-11-19,Hyundai,Sonata,2024,25300.0,1,Zarqa,Lina,Cash,29.0,25300.0
166,2025-02-09,Mercedes,C-Class,2021,57900.0,1,Amman,Yousef,Bank Transfer,54.0,57900.0
167,2025-06-25,Hyundai,Tucson,2025,28500.0,3,Irbid,Omar,Credit Card,57.0,85500.0
168,2025-04-24,Hyundai,Elantra,2023,19800.0,1,Salt,Dana,Credit Card,49.0,19800.0
169,2025-02-09,Mercedes,E-Class,2022,66200.0,1,Zarqa,Yousef,Cash,53.0,66200.0
170,2025-10-31,Ford,Explorer,2023,43300.0,1,Amman,Yousef,Bank Transfer,45.0,43300.0
171,2025-01-07,Kia,K5,2023,28300.0,2,,Sara,Cash,51.0,56600.0
172,2025-06-07,Honda,Accord,2021,33000.0,3,Jerash,Khaled,Credit Card,56.0,99000.0
173,2025-08-12,BMW,5 Series,2024,63100.0,1,Salt,Noor,Bank Transfer,37.0,63100.0
174,2025-06-12,Honda,Accord,2023,26500.0,3,Madaba,Sara,Credit Card,27.0,79500.0
175,2025-12-01,BMW,3 Series,2021,46700.0,2,Madaba,Yousef,Cash,42.0,93400.0
176,2025-01-12,Hyundai,Sonata,2023,26900.0,1,Madaba,Ahmad,Credit Card,21.0,26900.0
177,2025-07-23,Ford,Fusion,2022,28900.0,3,Aqaba,Sara,Bank Transfer,,86700.0
178,2025-02-27,Honda,Civic,2022,27500.0,1,Jerash,Omar,Credit Card,54.0,27500.0
179,2025-06-06,Kia,Cerato,2022,21000.0,3,Zarqa,Lina,Installment,22.0,63000.0
180,2025-07-14,Honda,Accord,2023,31700.0,1,Amman,Noor,Installment,48.0,31700.0
181,2025-09-14,Kia,Cerato,2024,22100.0,1,Irbid,Lina,Credit Card,35.0,22100.0
182,2025-10-07,BMW,3 Series,2022,42600.0,1,Aqaba,Omar,Bank Transfer,36.0,42600.0
183,2025-01-08,Mercedes,E-Class,2020,75800.0,3,Jerash,Sara,Credit Card,27.0,227400.0
184,2025-02-15,Mercedes,C-Class,2023,46200.0,2,Jerash,Ahmad,Credit Card,34.0,92400.0
185,2025-01-09,Honda,Civic,2025,26600.0,2,Madaba,Dana,Cash,42.0,53200.0
186,2025-03-05,Ford,Focus,2024,23900.0,1,Salt,Ahmad,Installment,41.0,23900.0
187,2025-10-28,BMW,5 Series,2021,62600.0,1,Amman,Ahmad,Installment,58.0,62600.0
188,2025-03-17,Toyota,RAV4,2025,39000.0,1,Amman,Noor,Installment,35.0,39000.0
189,2025-08-30,Ford,Fusion,2023,27800.0,1,Aqaba,Ahmad,Credit Card,53.0,27800.0
190,2025-04-26,Toyota,Corolla,2024,21700.0,3,Irbid,Noor,Bank Transfer,22.0,65100.0
191,2025-05-23,Ford,Explorer,2021,41600.0,1,Irbid,Omar,Bank Transfer,60.0,41600.0
192,2025-09-19,Mercedes,C-Class,2022,58300.0,1,Amman,Khaled,Bank Transfer,52.0,58300.0
193,2025-12-14,Toyota,Camry,2023,34600.0,1,Madaba,Lina,Credit Card,27.0,34600.0
194,2025-05-07,Mercedes,E-Class,2021,74200.0,1,Amman,Lina,Credit Card,34.0,74200.0
195,2025-01-25,Mercedes,E-Class,2025,70700.0,2,Salt,Sara,Credit Card,39.0,141400.0
196,2025-04-29,Honda,Accord,2023,32400.0,3,Salt,Khaled,Installment,38.0,97200.0
197,2025-02-28,Ford,Fusion,2022,24500.0,1,Zarqa,Lina,Credit Card,55.0,24500.0
198,2025-11-28,Kia,Cerato,2025,18700.0,1,Amman,Noor,Cash,51.0,18700.0
199,2025-12-30,BMW,3 Series,2023,50400.0,2,Madaba,Lina,Installment,44.0,100800.0
200,2025-09-07,BMW,3 Series,2022,49700.0,2,Salt,Omar,Installment,56.0,99400.0
201,2025-08-31,BMW,X3,2021,63500.0,1,Zarqa,Omar,Credit Card,32.0,63500.0
202,2025-12-21,Mercedes,C-Class,2021,54600.0,1,Irbid,Dana,Installment,50.0,54600.0
203,2025-10-20,Honda,Accord,2023,29400.0,1,Salt,Noor,Cash,34.0,29400.0
204,2025-12-11,Honda,Civic,2023,26000.0,1,Amman,Lina,Credit Card,55.0,26000.0
205,2025-10-28,Kia,Cerato,2020,22900.0,2,Jerash,Khaled,Bank Transfer,31.0,45800.0
206,2025-04-03,BMW,X3,2025,53700.0,1,Irbid,Lina,Credit Card,21.0,53700.0
207,2025-10-11,Kia,Sportage,2023,33200.0,2,Amman,Sara,Cash,57.0,66400.0
208,2025-11-08,Hyundai,Elantra,2020,24400.0,2,Aqaba,Khaled,Bank Transfer,26.0,48800.0
209,2025-10-20,Hyundai,Tucson,2024,26700.0,1,Aqaba,Omar,Cash,21.0,26700.0
210,2025-11-21,Honda,CR-V,2025,31600.0,1,Amman,Ahmad,Bank Transfer,34.0,31600.0
211,2025-10-26,Hyundai,Sonata,2023,32100.0,1,Madaba,Omar,Cash,49.0,32100.0
212,2025-10-21,Toyota,RAV4,2022,36400.0,2,Aqaba,Khaled,Installment,36.0,72800.0
213,2025-12-07,BMW,5 Series,2023,65800.0,1,Amman,Khaled,Installment,49.0,65800.0
214,2025-11-07,Ford,Focus,2025,21800.0,1,Jerash,Omar,Bank Transfer,30.0,21800.0
215,2025-03-17,Ford,Fusion,2021,27200.0,1,Zarqa,Dana,Cash,24.0,27200.0
216,2025-10-31,Toyota,Corolla,2022,27200.0,3,Salt,Ahmad,Credit Card,48.0,81600.0
217,2025-06-18,BMW,5 Series,2025,59900.0,1,Amman,Dana,Cash,29.0,59900.0
218,2025-04-12,Kia,Cerato,2020,19100.0,1,Madaba,Lina,Credit Card,39.0,19100.0
219,2025-12-31,Ford,Fusion,2021,29000.0,1,Zarqa,Ahmad,Installment,27.0,29000.0
220,2025-11-12,Toyota,Corolla,2020,23500.0,3,Salt,Ahmad,Cash,52.0,70500.0
221,2025-12-21,Toyota,RAV4,2023,31800.0,1,Madaba,Noor,Credit Card,22.0,31800.0
222,2025-04-27,Ford,Focus,2022,23600.0,1,Salt,Omar,Cash,32.0,23600.0
223,2025-09-28,Kia,K5,2024,25600.0,2,Zarqa,Dana,Bank Transfer,26.0,51200.0
224,2025-01-21,Ford,Fusion,2023,29600.0,3,Jerash,Sara,Bank Transfer,36.0,88800.0
225,2025-07-22,Honda,Civic,2023,28400.0,2,Zarqa,Khaled,Installment,41.0,56800.0
226,2025-02-21,Kia,K5,2022,24500.0,3,Madaba,Sara,Cash,48.0,73500.0
227,2025-03-18,Mercedes,E-Class,2023,73000.0,1,Aqaba,Omar,Cash,50.0,73000.0
228,2025-06-08,Mercedes,GLC,2023,56700.0,3,Jerash,Khaled,Installment,56.0,170100.0
229,2025-12-28,Hyundai,Sonata,2025,28800.0,3,Jerash,Sara,Cash,42.0,86400.0
230,2025-01-09,Ford,Focus,2025,23900.0,1,Jerash,Omar,Installment,28.0,23900.0
231,2025-06-01,Toyota,Camry,2022,33800.0,1,Zarqa,Lina,Installment,59.0,33800.0
232,2025-08-30,BMW,3 Series,2021,52200.0,1,Salt,Khaled,Cash,55.0,52200.0
233,2025-05-30,Hyundai,Sonata,2020,26300.0,1,Salt,Khaled,Bank Transfer,48.0,26300.0
234,2025-09-11,Honda,CR-V,2021,32300.0,3,Amman,Omar,Installment,55.0,96900.0
235,2025-06-16,Honda,Civic,2021,24700.0,3,Amman,Ahmad,Bank Transfer,59.0,74100.0
236,2025-10-15,Hyundai,Sonata,2022,29200.0,1,Jerash,Yousef,Credit Card,56.0,29200.0
237,2025-03-11,Kia,Cerato,2023,19600.0,1,Amman,Khaled,Installment,33.0,19600.0
238,2025-06-09,Toyota,Camry,2023,34000.0,1,Salt,Dana,Credit Card,28.0,34000.0
239,2025-09-16,BMW,X3,2025,54700.0,1,Madaba,Noor,Credit Card,43.0,54700.0
240,2025-10-13,Hyundai,Sonata,2025,28900.0,1,Aqaba,Dana,Credit Card,56.0,28900.0
241,2025-11-07,Kia,Cerato,2024,22400.0,1,Irbid,Noor,Credit Card,36.0,22400.0
242,2025-05-24,Hyundai,Elantra,2023,25200.0,1,Madaba,Yousef,Bank Transfer,48.0,25200.0
243,2025-11-17,Mercedes,E-Class,2024,73400.0,2,Amman,Noor,Cash,40.0,146800.0
244,2025-09-29,Ford,Fusion,2021,28400.0,1,Aqaba,Noor,Installment,54.0,28400.0
245,2025-08-25,Kia,K5,2023,26000.0,1,Irbid,Ahmad,Cash,22.0,26000.0
246,2025-06-29,Mercedes,C-Class,2020,52900.0,1,Madaba,Khaled,Credit Card,24.0,52900.0
247,2025-05-23,BMW,X3,2025,65400.0,1,Madaba,Lina,Cash,32.0,65400.0
248,2025-10-18,Honda,Civic,2021,25600.0,3,Madaba,Dana,Credit Card,50.0,76800.0
249,2025-01-14,Ford,Fusion,2022,28400.0,2,Amman,Khaled,Cash,55.0,56800.0
250,2025-09-13,BMW,X3,2021,54500.0,2,Irbid,Ahmad,Credit Card,45.0,109000.0
251,2025-04-20,Kia,K5,2020,30500.0,1,Madaba,Noor,Cash,23.0,30500.0
252,2025-01-25,Mercedes,C-Class,2025,47800.0,3,Jerash,Lina,Cash,32.0,143400.0
253,2025-11-12,Hyundai,Elantra,2025,24600.0,3,Jerash,Noor,Installment,49.0,73800.0
254,2025-10-14,Mercedes,E-Class,2021,71800.0,1,Zarqa,Yousef,Bank Transfer,54.0,71800.0
255,2025-09-10,BMW,3 Series,2021,48500.0,1,Jerash,Dana,Bank Transfer,29.0,48500.0
256,2025-06-05,Honda,CR-V,2020,31200.0,1,Madaba,Noor,Bank Transfer,27.0,31200.0
257,2025-04-11,Hyundai,Elantra,2023,23100.0,1,Jerash,Lina,Installment,49.0,23100.0
258,2025-07-10,Hyundai,Sonata,2021,25600.0,2,Madaba,Dana,Cash,55.0,51200.0
259,2025-03-27,Honda,CR-V,2023,34300.0,3,Salt,Noor,Bank Transfer,22.0,102900.0
260,2025-05-18,Ford,Explorer,2024,34500.0,3,Jerash,Omar,Installment,59.0,103500.0
261,2025-08-01,Kia,Cerato,2024,18500.0,1,Salt,Omar,Cash,52.0,18500.0
262,2025-07-10,Hyundai,Elantra,2022,20900.0,1,Salt,Lina,Installment,46.0,20900.0
263,2025-08-20,Ford,Fusion,2023,24600.0,1,Zarqa,Ahmad,Cash,49.0,24600.0
264,2025-04-15,Ford,Fusion,2024,29600.0,1,Amman,Dana,Cash,21.0,29600.0
265,2025-08-20,BMW,3 Series,2020,53100.0,1,Salt,Lina,Bank Transfer,54.0,53100.0
266,2025-12-09,Mercedes,E-Class,2020,71100.0,2,Salt,Sara,Cash,52.0,142200.0
267,2025-03-28,Hyundai,Elantra,2024,19600.0,1,Zarqa,Ahmad,Cash,44.0,19600.0
268,2025-08-16,Mercedes,C-Class,2024,52900.0,1,Zarqa,Lina,Bank Transfer,39.0,52900.0
269,2025-09-18,Honda,CR-V,2023,33200.0,1,Salt,Noor,Credit Card,52.0,33200.0
270,2025-11-25,BMW,5 Series,2023,69600.0,1,Irbid,Khaled,Credit Card,23.0,69600.0
271,2025-08-05,Toyota,Camry,2023,33800.0,1,Irbid,Khaled,Credit Card,30.0,33800.0
272,2025-06-09,Kia,Sportage,2021,32300.0,3,Jerash,Dana,Installment,52.0,96900.0
273,2025-07-02,Hyundai,Sonata,2022,25000.0,1,Amman,Ahmad,Installment,34.0,25000.0
274,2025-08-01,Hyundai,Sonata,2020,25900.0,2,Aqaba,Dana,Bank Transfer,41.0,51800.0
275,2025-09-25,Mercedes,E-Class,2025,75700.0,1,Amman,Khaled,Credit Card,41.0,75700.0
276,2025-08-12,Kia,K5,2024,30900.0,2,Zarqa,Dana,Credit Card,42.0,61800.0
277,2025-09-15,Mercedes,C-Class,2025,53300.0,3,Salt,Yousef,Bank Transfer,47.0,159900.0
278,2025-10-05,BMW,X3,2022,53400.0,2,Zarqa,Yousef,Cash,53.0,106800.0
279,2025-01-30,Mercedes,GLC,2025,63000.0,3,Jerash,Lina,Bank Transfer,45.0,189000.0
280,2025-12-30,Kia,Sportage,2021,32000.0,1,Salt,Sara,Cash,24.0,32000.0
281,2025-10-29,Mercedes,E-Class,2021,63600.0,1,Jerash,Sara,Bank Transfer,22.0,63600.0
282,2025-03-31,Toyota,Corolla,2020,24700.0,1,Irbid,Noor,Installment,37.0,24700.0
283,2025-01-20,Ford,Fusion,2020,29600.0,1,Zarqa,Dana,Bank Transfer,51.0,29600.0
284,2025-04-21,Honda,Accord,2022,34500.0,2,Salt,Lina,Installment,30.0,69000.0
285,2025-11-06,Ford,Explorer,2021,38400.0,3,Jerash,Yousef,Credit Card,58.0,115200.0
286,2025-08-09,Ford,Focus,2024,20800.0,2,Madaba,Sara,Installment,57.0,41600.0
287,2025-06-07,BMW,X3,2023,59800.0,1,Irbid,Sara,Bank Transfer,39.0,59800.0
288,2025-03-17,Toyota,RAV4,2025,33100.0,3,Madaba,Omar,Credit Card,51.0,99300.0
289,2025-07-02,Hyundai,Tucson,2024,27600.0,1,Amman,Omar,Bank Transfer,48.0,27600.0
290,2025-06-10,Mercedes,GLC,2022,65800.0,3,Amman,Noor,Installment,40.0,197400.0
291,2025-03-16,Honda,CR-V,2025,39000.0,2,Jerash,Ahmad,Credit Card,36.0,78000.0
292,2025-09-16,Kia,Cerato,2023,20500.0,1,Salt,Sara,Cash,50.0,20500.0
293,2025-12-31,Ford,Fusion,2024,27800.0,1,Zarqa,Yousef,Bank Transfer,55.0,27800.0
294,2025-02-18,Ford,Fusion,2022,25500.0,3,Salt,Omar,Installment,25.0,76500.0
295,2025-05-09,Hyundai,Sonata,2021,25200.0,1,Amman,Lina,Credit Card,51.0,25200.0
296,2025-04-16,Hyundai,Elantra,2023,19400.0,2,Madaba,Noor,Installment,27.0,38800.0
297,2025-12-02,Mercedes,GLC,2023,66600.0,1,Madaba,Khaled,Credit Card,45.0,66600.0
298,2025-07-03,Kia,K5,2023,24900.0,2,Zarqa,Lina,Credit Card,41.0,49800.0
299,2025-06-09,Hyundai,Sonata,2020,30500.0,1,Zarqa,Lina,Installment,35.0,30500.0
300,2025-06-14,Honda,Civic,2021,27600.0,1,Irbid,Yousef,Credit Card,25.0,27600.0
301,2025-12-11,Mercedes,GLC,2021,56800.0,1,Salt,Dana,Installment,53.0,56800.0
302,2025-11-23,BMW,3 Series,2023,47700.0,1,Madaba,Khaled,Cash,37.0,47700.0
303,2025-06-18,Kia,Cerato,2021,20800.0,1,Jerash,Noor,Cash,37.0,20800.0
304,2025-11-26,BMW,5 Series,2025,62200.0,1,Salt,Yousef,Credit Card,42.0,62200.0
305,2025-05-05,Toyota,Camry,2021,31100.0,1,Jerash,Noor,Installment,44.0,31100.0
306,2025-07-11,Honda,Accord,2023,29300.0,1,Zarqa,Khaled,Cash,52.0,29300.0
307,2025-08-02,Honda,Civic,2023,25700.0,2,Jerash,Dana,Installment,41.0,51400.0
308,2025-06-17,Honda,Accord,2023,33500.0,1,Irbid,Lina,Credit Card,22.0,33500.0
309,2025-02-11,Toyota,Camry,2022,34900.0,1,Aqaba,Sara,Credit Card,59.0,34900.0
310,2025-07-16,Hyundai,Tucson,2020,29600.0,1,Zarqa,Sara,Installment,32.0,29600.0
311,2025-02-16,BMW,3 Series,2023,45800.0,1,Jerash,Dana,Credit Card,60.0,45800.0
312,2025-09-20,BMW,5 Series,2023,66200.0,2,Zarqa,Yousef,Bank Transfer,47.0,132400.0
313,2025-01-08,BMW,X3,2025,53200.0,1,Salt,Dana,Installment,57.0,53200.0
314,2025-02-01,Hyundai,Sonata,2025,32000.0,1,Amman,Lina,Bank Transfer,36.0,32000.0
315,2025-06-07,Toyota,RAV4,2024,41200.0,3,Salt,Omar,Installment,48.0,123600.0
316,2025-11-21,Ford,Fusion,2022,24000.0,1,Amman,Sara,Cash,24.0,24000.0
317,2025-08-15,Toyota,Camry,2021,27900.0,3,Salt,Lina,Cash,29.0,83700.0
318,2025-12-30,Hyundai,Sonata,2021,25500.0,2,Aqaba,Ahmad,Cash,44.0,51000.0
319,2025-10-04,BMW,5 Series,2022,69300.0,1,,Dana,Credit Card,53.0,69300.0
320,2025-12-04,Kia,Sportage,2023,34900.0,1,Irbid,Sara,Cash,43.0,34900.0
321,2025-10-16,Ford,Focus,2024,25200.0,1,Aqaba,Yousef,Installment,54.0,25200.0
322,2025-05-28,BMW,X3,2023,61700.0,1,Aqaba,Ahmad,Installment,43.0,61700.0
323,2025-08-15,Honda,CR-V,2023,37900.0,3,Amman,Yousef,Cash,34.0,113700.0
324,2025-07-26,Hyundai,Elantra,2020,24000.0,3,Irbid,Sara,Cash,26.0,72000.0
325,2025-11-24,Mercedes,GLC,2022,55500.0,2,Madaba,Sara,Bank Transfer,50.0,111000.0
326,2025-12-10,Honda,Accord,2022,29800.0,1,Madaba,Omar,Credit Card,43.0,29800.0
327,2025-10-02,Ford,Focus,2022,26300.0,1,Amman,Lina,Installment,27.0,26300.0
328,2025-10-02,Ford,Explorer,2020,37500.0,1,Jerash,Lina,Credit Card,58.0,37500.0
329,2025-11-16,Kia,Cerato,2023,19000.0,1,Amman,Dana,Installment,45.0,19000.0
330,2025-11-30,Ford,Explorer,2024,37400.0,1,Madaba,Ahmad,Installment,24.0,37400.0
331,2025-04-30,Hyundai,Sonata,2020,27100.0,1,Jerash,Khaled,Bank Transfer,36.0,27100.0
332,2025-02-04,Kia,K5,2020,25800.0,2,Zarqa,Dana,Credit Card,41.0,51600.0
333,2025-06-21,Honda,Civic,2024,23700.0,3,Amman,Yousef,Cash,29.0,71100.0
334,2025-08-04,Kia,Cerato,2023,23400.0,1,Amman,Dana,Cash,43.0,23400.0
335,2025-05-27,Honda,Accord,2023,30200.0,1,Irbid,Lina,Cash,42.0,30200.0
336,2025-06-28,Kia,Sportage,2025,32200.0,3,Aqaba,Khaled,Bank Transfer,48.0,96600.0
337,2025-07-13,Hyundai,Sonata,2023,28300.0,2,Irbid,Sara,Bank Transfer,,56600.0
338,2025-03-02,Honda,Accord,2025,33600.0,1,Aqaba,Noor,Credit Card,47.0,33600.0
339,2025-08-29,Mercedes,E-Class,2020,68100.0,3,Zarqa,Dana,Credit Card,55.0,204300.0
340,2025-10-29,Kia,Cerato,2024,21500.0,1,Amman,Noor,Installment,40.0,21500.0
341,2025-07-11,Hyundai,Elantra,2021,22100.0,3,Madaba,Omar,Bank Transfer,29.0,66300.0
342,2025-11-03,Kia,Cerato,2020,23100.0,3,Zarqa,Khaled,Bank Transfer,59.0,69300.0
343,2025-05-07,Kia,Sportage,2025,35600.0,3,Madaba,Yousef,Cash,60.0,106800.0
344,2025-04-19,Hyundai,Tucson,2023,33500.0,3,Aqaba,Yousef,Installment,53.0,100500.0
345,2025-12-13,Kia,K5,2023,29700.0,1,Madaba,Khaled,Credit Card,43.0,29700.0
346,2025-11-20,Toyota,RAV4,2023,38400.0,1,Madaba,Ahmad,Bank Transfer,56.0,38400.0
347,2025-04-23,BMW,3 Series,2022,50000.0,2,Amman,Lina,Credit Card,35.0,100000.0
348,2025-07-21,Toyota,RAV4,2021,38200.0,1,Irbid,Sara,Bank Transfer,33.0,38200.0
349,2025-02-08,BMW,5 Series,2021,56900.0,1,Aqaba,Sara,Installment,26.0,56900.0
350,2025-12-16,Mercedes,C-Class,2021,53200.0,1,Irbid,Ahmad,Cash,32.0,53200.0
351,2025-12-23,Mercedes,GLC,2020,55100.0,1,Salt,Noor,Cash,51.0,55100.0
352,2025-04-17,Toyota,RAV4,2020,32300.0,3,Irbid,Lina,Bank Transfer,29.0,96900.0
353,2025-12-20,Kia,K5,2021,28100.0,2,Zarqa,Sara,Installment,35.0,56200.0
354,2025-11-09,Toyota,RAV4,2022,37300.0,1,Madaba,Lina,Installment,53.0,37300.0
355,2025-02-25,Honda,Accord,2023,29900.0,2,Amman,Ahmad,Bank Transfer,40.0,59800.0
356,2025-05-06,Mercedes,C-Class,2021,54800.0,2,Zarqa,Ahmad,Cash,58.0,109600.0
357,2025-01-31,Kia,K5,2023,28000.0,1,Aqaba,Ahmad,Cash,25.0,28000.0
358,2025-06-03,Ford,Explorer,2022,44500.0,2,Zarqa,Noor,Credit Card,,89000.0
359,2025-09-02,BMW,X3,2021,55900.0,3,Madaba,Omar,Cash,57.0,167700.0
360,2025-10-01,BMW,3 Series,2022,53800.0,2,Aqaba,Ahmad,Cash,49.0,107600.0
361,2025-08-12,Kia,Sportage,2025,30500.0,3,Madaba,Lina,Cash,57.0,91500.0
362,2025-12-09,Toyota,Corolla,2024,24600.0,3,Zarqa,Sara,Credit Card,54.0,73800.0
363,2025-01-21,Kia,Sportage,2021,27800.0,2,Aqaba,Sara,Bank Transfer,24.0,55600.0
364,2025-04-21,Mercedes,C-Class,2023,53900.0,3,Irbid,Sara,Installment,37.0,161700.0
365,2025-10-02,Mercedes,E-Class,2025,70300.0,1,Salt,Khaled,Cash,28.0,70300.0
366,2025-03-05,Hyundai,Elantra,2020,23600.0,1,Zarqa,Yousef,Credit Card,31.0,23600.0
367,2025-01-05,Ford,Focus,2023,20500.0,1,Amman,Dana,Installment,32.0,20500.0
368,2025-08-24,Ford,Focus,2022,23100.0,2,Aqaba,Dana,Credit Card,56.0,46200.0
369,2025-07-22,Ford,Explorer,2020,40200.0,1,Amman,Sara,Credit Card,37.0,40200.0
370,2025-06-24,Mercedes,C-Class,2025,52200.0,2,Jerash,Khaled,Installment,27.0,104400.0
371,2025-12-03,Kia,Sportage,2020,27800.0,3,,Ahmad,Cash,52.0,83400.0
372,2025-01-13,Mercedes,GLC,2025,57900.0,3,Jerash,Noor,Cash,51.0,173700.0
373,2025-11-19,Honda,Accord,2025,32000.0,1,Madaba,Omar,Credit Card,41.0,32000.0
374,2025-08-10,Hyundai,Sonata,2020,26700.0,1,Jerash,Sara,Bank Transfer,28.0,26700.0
375,2025-10-19,BMW,3 Series,2025,42400.0,1,Amman,Yousef,Cash,35.0,42400.0
376,2025-05-07,Kia,Cerato,2024,23100.0,1,Amman,Lina,Bank Transfer,22.0,23100.0
377,2025-12-24,Honda,CR-V,2020,36600.0,2,Zarqa,Sara,Installment,23.0,73200.0
378,2025-03-02,Ford,Focus,2024,24600.0,3,Zarqa,Sara,Credit Card,36.0,73800.0
379,2025-11-18,BMW,3 Series,2021,52500.0,2,Irbid,Omar,Cash,51.0,105000.0
380,2025-04-28,Hyundai,Sonata,2022,30700.0,1,Salt,Khaled,Cash,59.0,30700.0
381,2025-01-21,Toyota,Corolla,2020,22500.0,3,Zarqa,Yousef,Bank Transfer,45.0,67500.0
382,2025-01-10,Ford,Explorer,2020,41900.0,1,Aqaba,Dana,Credit Card,40.0,41900.0
383,2025-02-22,BMW,5 Series,2021,66500.0,2,Jerash,Noor,Credit Card,24.0,133000.0
384,2025-12-04,Kia,Sportage,2021,30600.0,1,Irbid,Khaled,Bank Transfer,32.0,30600.0
385,2025-12-15,Toyota,RAV4,2020,31700.0,1,Irbid,Omar,Installment,42.0,31700.0
386,2025-11-16,Ford,Focus,2021,23100.0,3,Salt,Lina,Bank Transfer,21.0,69300.0
387,2025-04-10,Mercedes,GLC,2020,67600.0,2,Irbid,Khaled,Bank Transfer,33.0,135200.0
388,2025-06-28,Mercedes,C-Class,2025,51100.0,2,Salt,Ahmad,Credit Card,43.0,102200.0
389,2025-04-30,BMW,3 Series,2020,54300.0,1,Jerash,Omar,Bank Transfer,43.0,54300.0
390,2025-01-24,Kia,Cerato,2022,22300.0,1,Aqaba,Sara,Cash,24.0,22300.0
391,2025-07-30,Honda,Civic,2025,23800.0,2,Aqaba,Yousef,Credit Card,37.0,47600.0
392,2025-10-30,Kia,K5,2023,30100.0,1,Irbid,Dana,Credit Card,55.0,30100.0
393,2025-07-29,Hyundai,Elantra,2023,24500.0,3,Salt,Yousef,Installment,51.0,73500.0
394,2025-04-10,BMW,3 Series,2020,53500.0,1,Salt,Khaled,Cash,54.0,53500.0
395,2025-11-22,Toyota,RAV4,2023,38900.0,2,Aqaba,Lina,Cash,48.0,77800.0
396,2025-08-23,Ford,Fusion,2020,29100.0,2,Zarqa,Yousef,Cash,30.0,58200.0
397,2025-06-14,Kia,Sportage,2024,33000.0,3,Madaba,Dana,Credit Card,42.0,99000.0
398,2025-04-21,Toyota,Camry,2021,27500.0,1,Madaba,Ahmad,Installment,44.0,27500.0
399,2025-12-12,Kia,Sportage,2020,35300.0,2,Madaba,Ahmad,Installment,48.0,70600.0
400,2025-06-30,Honda,Civic,2023,28600.0,1,Irbid,Sara,Bank Transfer,50.0,28600.0
401,2025-06-02,Toyota,Camry,2024,29500.0,3,Amman,Khaled,Credit Card,27.0,88500.0
402,2025-05-15,Hyundai,Elantra,2025,22700.0,1,Aqaba,Khaled,Bank Transfer,29.0,22700.0
403,2025-08-02,Mercedes,C-Class,2020,49800.0,3,Zarqa,Lina,Installment,23.0,149400.0
404,2025-07-24,Kia,Cerato,2024,19900.0,2,Jerash,Lina,Bank Transfer,46.0,39800.0
405,2025-11-27,Hyundai,Sonata,2020,26400.0,2,Jerash,Dana,Installment,42.0,52800.0
406,2025-01-26,Toyota,Corolla,2022,25800.0,1,Amman,Omar,Bank Transfer,39.0,25800.0
407,2025-12-17,Mercedes,C-Class,2024,53200.0,2,Aqaba,Sara,Bank Transfer,21.0,106400.0
408,2025-02-26,Toyota,RAV4,2023,35000.0,2,Jerash,Khaled,Cash,46.0,70000.0
409,2025-09-05,Toyota,Camry,2024,31400.0,1,Madaba,Ahmad,Credit Card,58.0,31400.0
410,2025-10-21,Mercedes,E-Class,2024,77300.0,3,Madaba,Noor,Credit Card,38.0,231900.0
411,2025-01-06,Ford,Fusion,2025,25900.0,1,Salt,Dana,Installment,53.0,25900.0
412,2025-03-11,Toyota,RAV4,2024,36800.0,2,Amman,Dana,Installment,55.0,73600.0
413,2025-05-19,Hyundai,Tucson,2021,30600.0,2,Salt,Ahmad,Credit Card,39.0,61200.0
414,2025-09-17,Honda,CR-V,2025,35600.0,1,Aqaba,Sara,Cash,54.0,35600.0
415,2025-09-04,Toyota,RAV4,2022,36700.0,1,Salt,Omar,Installment,50.0,36700.0
416,2025-07-06,Hyundai,Tucson,2025,31600.0,1,Aqaba,Dana,Credit Card,42.0,31600.0
417,2025-02-05,Kia,K5,2023,23800.0,1,Salt,Lina,Installment,48.0,23800.0
418,2025-09-09,BMW,X3,2022,51800.0,1,Irbid,Khaled,Installment,47.0,51800.0
419,2025-12-30,Ford,Focus,2022,20400.0,1,Salt,Yousef,Credit Card,56.0,20400.0
420,2025-06-09,Toyota,Camry,2022,35300.0,1,Amman,Yousef,Bank Transfer,23.0,35300.0
421,2025-12-25,Hyundai,Elantra,2025,24800.0,1,Zarqa,Omar,Credit Card,37.0,24800.0
422,2025-04-01,BMW,3 Series,2023,47200.0,3,Irbid,Lina,Cash,21.0,141600.0
423,2025-11-11,BMW,5 Series,2024,70900.0,1,Zarqa,Ahmad,Cash,25.0,70900.0
424,2025-08-09,BMW,3 Series,2020,44200.0,3,Aqaba,Yousef,Installment,31.0,132600.0
425,2025-04-19,Mercedes,C-Class,2022,50300.0,1,Aqaba,Khaled,Bank Transfer,27.0,50300.0
426,2025-03-25,BMW,3 Series,2024,52100.0,1,Jerash,Omar,Installment,,52100.0
427,2025-11-20,Toyota,RAV4,2025,33700.0,1,Irbid,Khaled,Bank Transfer,57.0,33700.0
428,2025-06-13,Toyota,RAV4,2022,39800.0,3,Irbid,Yousef,Installment,44.0,119400.0
429,2025-09-05,BMW,X3,2021,64800.0,3,Aqaba,Khaled,Cash,25.0,194400.0
430,2025-09-06,Honda,Accord,2024,32600.0,1,Aqaba,Noor,Credit Card,57.0,32600.0
431,2025-01-03,Toyota,Camry,2025,27400.0,2,Zarqa,Noor,Bank Transfer,24.0,54800.0
432,2025-12-09,Hyundai,Sonata,2022,29700.0,1,Irbid,Omar,Credit Card,57.0,29700.0
433,2025-02-16,Toyota,RAV4,2022,33400.0,1,Madaba,Lina,Bank Transfer,36.0,33400.0
434,2025-09-29,Ford,Focus,2025,23900.0,1,Zarqa,Khaled,Bank Transfer,30.0,23900.0
435,2025-01-10,Mercedes,E-Class,2025,70600.0,1,Madaba,Ahmad,Cash,24.0,70600.0
436,2025-04-12,Hyundai,Tucson,2020,27500.0,3,Amman,Ahmad,Bank Transfer,45.0,82500.0
437,2025-04-14,Mercedes,C-Class,2020,52100.0,1,Jerash,Dana,Bank Transfer,26.0,52100.0
438,2025-03-22,Toyota,RAV4,2021,38800.0,1,Irbid,Sara,Cash,49.0,38800.0
439,2025-09-02,Toyota,Corolla,2025,23300.0,2,Zarqa,Ahmad,Bank Transfer,32.0,46600.0
440,2025-09-28,Honda,Civic,2020,24100.0,1,Aqaba,Dana,Installment,24.0,24100.0
441,2025-03-19,BMW,3 Series,2022,52400.0,1,Irbid,Ahmad,Credit Card,54.0,52400.0
442,2025-12-05,Kia,Sportage,2023,32000.0,3,Madaba,Ahmad,Cash,60.0,96000.0
443,2025-08-28,Mercedes,C-Class,2020,50100.0,3,Madaba,Sara,Bank Transfer,32.0,150300.0
444,2025-05-31,Mercedes,GLC,2021,67000.0,2,Irbid,Dana,Credit Card,57.0,134000.0
445,2025-06-28,Honda,Accord,2022,33300.0,1,Irbid,Lina,Installment,28.0,33300.0
446,2025-11-27,Hyundai,Elantra,2020,19500.0,3,Salt,Sara,Installment,,58500.0
447,2025-04-28,Ford,Focus,2024,24800.0,3,Zarqa,Ahmad,Credit Card,39.0,74400.0
448,2025-10-16,Ford,Focus,2022,20600.0,2,Salt,Lina,Credit Card,27.0,41200.0
449,2025-09-05,Honda,CR-V,2025,37100.0,3,Aqaba,Yousef,Installment,38.0,111300.0
450,2025-03-03,Honda,Accord,2020,34300.0,1,Salt,Omar,Cash,22.0,34300.0
451,2025-03-23,Ford,Fusion,2024,29800.0,1,Irbid,Lina,Cash,47.0,29800.0
452,2025-12-11,Toyota,RAV4,2022,37600.0,1,Zarqa,Dana,Credit Card,44.0,37600.0
453,2025-06-06,BMW,5 Series,2025,57000.0,1,Jerash,Noor,Installment,47.0,57000.0
454,2025-11-18,Toyota,Camry,2023,32300.0,2,Madaba,Yousef,Credit Card,42.0,64600.0
455,2025-12-18,Mercedes,E-Class,2022,72300.0,1,Madaba,Ahmad,Bank Transfer,56.0,72300.0
456,2025-06-03,Mercedes,E-Class,2024,63000.0,1,Amman,Omar,Cash,35.0,63000.0
457,2025-09-05,Mercedes,E-Class,2022,76100.0,1,Madaba,Lina,Credit Card,50.0,76100.0
458,2025-03-09,Toyota,Corolla,2023,25200.0,3,Jerash,Ahmad,Cash,56.0,75600.0
459,2025-02-15,Mercedes,C-Class,2021,51400.0,3,Irbid,Dana,Installment,26.0,154200.0
460,2025-09-01,Ford,Focus,2021,20300.0,1,Zarqa,Yousef,Bank Transfer,45.0,20300.0
461,2025-09-05,Hyundai,Tucson,2023,29900.0,1,Aqaba,Ahmad,Bank Transfer,40.0,29900.0
462,2025-02-16,Kia,Sportage,2020,34100.0,2,Jerash,Ahmad,Cash,25.0,68200.0
463,2025-11-14,Mercedes,E-Class,2022,68300.0,1,Irbid,Ahmad,Bank Transfer,36.0,68300.0
464,2025-06-13,BMW,5 Series,2021,69400.0,1,Zarqa,Khaled,Cash,23.0,69400.0
465,2025-08-26,BMW,5 Series,2020,58800.0,1,Zarqa,Noor,Credit Card,37.0,58800.0
466,2025-10-11,Toyota,Corolla,2025,26300.0,1,Amman,Noor,Cash,29.0,26300.0
467,2025-12-29,BMW,X3,2024,57500.0,1,Zarqa,Lina,Credit Card,60.0,57500.0
468,2025-01-18,Hyundai,Sonata,2023,25700.0,2,Irbid,Khaled,Credit Card,31.0,51400.0
469,2025-12-29,BMW,3 Series,2024,46100.0,3,Madaba,Dana,Installment,48.0,138300.0
470,2025-05-01,Honda,Civic,2022,24800.0,1,Amman,Noor,Credit Card,41.0,24800.0
471,2025-08-30,Kia,Cerato,2020,19500.0,3,Jerash,Sara,Cash,40.0,58500.0
472,2025-05-20,Mercedes,GLC,2023,58400.0,2,Aqaba,Sara,Installment,43.0,116800.0
473,2025-12-10,Toyota,Corolla,2024,23400.0,2,Amman,Yousef,Bank Transfer,52.0,46800.0
474,2025-12-28,Honda,Civic,2023,26300.0,1,Irbid,Khaled,Installment,53.0,26300.0
475,2025-04-19,Toyota,Corolla,2024,23700.0,1,Zarqa,Khaled,Credit Card,25.0,23700.0
476,2025-11-09,BMW,X3,2020,56400.0,1,Jerash,Noor,Cash,49.0,56400.0
477,2025-04-22,Honda,Civic,2024,26900.0,2,Jerash,Yousef,Cash,60.0,53800.0
478,2025-04-04,Kia,K5,2024,29100.0,1,Madaba,Noor,Cash,50.0,29100.0
479,2025-05-02,Toyota,Camry,2022,33400.0,1,Irbid,Khaled,Installment,56.0,33400.0
480,2025-04-28,BMW,3 Series,2021,50100.0,1,Jerash,Noor,Installment,44.0,50100.0
481,2025-01-19,Mercedes,C-Class,2020,51600.0,1,Zarqa,Omar,Installment,21.0,51600.0
482,2025-04-03,Kia,K5,2021,26800.0,1,Jerash,Yousef,Installment,49.0,26800.0
483,2025-10-09,Honda,Accord,2020,28100.0,3,Amman,Sara,Bank Transfer,59.0,84300.0
484,2025-01-25,Kia,Cerato,2020,21900.0,1,Zarqa,Yousef,Bank Transfer,35.0,21900.0
485,2025-05-24,Kia,Cerato,2022,22400.0,2,Amman,Noor,Installment,29.0,44800.0
486,2025-12-30,Toyota,Corolla,2020,26800.0,1,Zarqa,Noor,Cash,27.0,26800.0
487,2025-09-28,Ford,Focus,2022,25300.0,1,Zarqa,Sara,Cash,50.0,25300.0
488,2025-08-12,Toyota,Camry,2022,29600.0,1,Madaba,Noor,Installment,60.0,29600.0
489,2025-06-22,Hyundai,Tucson,2023,30800.0,1,Irbid,Omar,Cash,35.0,30800.0
490,2025-12-05,Hyundai,Elantra,2022,19600.0,1,Zarqa,Noor,Credit Card,60.0,19600.0
491,2025-11-27,Mercedes,GLC,2025,59800.0,2,Irbid,Khaled,Bank Transfer,52.0,119600.0
492,2025-12-14,Mercedes,E-Class,2022,75100.0,1,Jerash,Lina,Credit Card,35.0,75100.0
493,2025-11-14,Toyota,Corolla,2021,24700.0,3,Jerash,Dana,Credit Card,37.0,74100.0
494,2025-02-28,Mercedes,C-Class,2022,54500.0,3,Jerash,Lina,Cash,48.0,163500.0
495,2025-10-04,Ford,Focus,2021,25900.0,1,Irbid,Lina,Credit Card,57.0,25900.0
496,2025-09-26,Kia,K5,2025,24900.0,1,Zarqa,Noor,Installment,28.0,24900.0
497,2025-05-18,Mercedes,C-Class,2024,48800.0,2,Aqaba,Sara,Bank Transfer,36.0,97600.0
498,2025-12-12,Toyota,Camry,2021,28400.0,1,Jerash,Omar,Credit Card,52.0,28400.0
499,2025-06-15,Toyota,Camry,2025,31700.0,1,Zarqa,Noor,Cash,21.0,31700.0
500,2025-12-22,Ford,Focus,2023,23100.0,3,Jerash,Noor,Credit Card,59.0,69300.0
501,2025-12-23,Kia,Sportage,2023,31100.0,2,Aqaba,Lina,Cash,48.0,62200.0
502,2025-04-06,Toyota,Corolla,2025,21300.0,3,Zarqa,Khaled,Cash,26.0,63900.0
503,2025-04-14,Toyota,Camry,2022,31600.0,3,Salt,Noor,Credit Card,22.0,94800.0
504,2025-10-03,Mercedes,C-Class,2025,55700.0,1,Aqaba,Sara,Cash,51.0,55700.0
505,2025-06-12,Mercedes,C-Class,2021,45800.0,1,Jerash,Khaled,Installment,33.0,45800.0
506,2025-10-31,Toyota,RAV4,2023,40300.0,3,Salt,Sara,Credit Card,58.0,120900.0
507,2025-07-02,Honda,Accord,2021,32100.0,2,Jerash,Dana,Bank Transfer,55.0,64200.0
508,2025-01-25,Mercedes,C-Class,2024,51400.0,1,Aqaba,Yousef,Cash,39.0,51400.0
509,2025-10-03,Mercedes,E-Class,2021,62400.0,1,Zarqa,Khaled,Installment,31.0,62400.0
510,2025-02-20,Ford,Fusion,2023,26600.0,1,Salt,Lina,Credit Card,24.0,26600.0
511,2025-01-14,Ford,Focus,2021,24700.0,1,Zarqa,Dana,Bank Transfer,38.0,24700.0
512,2025-10-04,Mercedes,GLC,2025,59800.0,1,Aqaba,Yousef,,45.0,59800.0
513,2025-03-05,Toyota,Camry,2021,31900.0,1,Jerash,Lina,Cash,35.0,31900.0
514,2025-04-03,Hyundai,Sonata,2025,29000.0,1,Madaba,Noor,Credit Card,40.0,29000.0
515,2025-10-23,BMW,3 Series,2022,51300.0,2,Madaba,Lina,Credit Card,58.0,102600.0
516,2025-10-20,Mercedes,E-Class,2025,76000.0,1,Amman,Noor,Credit Card,56.0,76000.0
517,2025-05-30,Ford,Fusion,2022,27000.0,1,Aqaba,Dana,Cash,60.0,27000.0
518,2025-05-24,BMW,5 Series,2020,64700.0,2,Madaba,Noor,Bank Transfer,27.0,129400.0
519,2025-06-28,Kia,Sportage,2022,33500.0,1,Aqaba,Yousef,Credit Card,37.0,33500.0
520,2025-08-10,Honda,CR-V,2020,34200.0,3,Madaba,Lina,Installment,59.0,102600.0
521,2025-12-16,Kia,Sportage,2023,34100.0,1,Salt,Sara,Credit Card,31.0,34100.0
522,2025-10-03,BMW,5 Series,2023,57400.0,1,Irbid,Noor,Installment,30.0,57400.0
523,2025-05-06,Hyundai,Tucson,2024,30700.0,3,Amman,Dana,Installment,60.0,92100.0
524,2025-12-16,Hyundai,Tucson,2022,29000.0,3,Aqaba,Omar,Bank Transfer,,87000.0
525,2025-10-09,Toyota,Corolla,2024,21500.0,3,Madaba,Lina,Bank Transfer,38.0,64500.0
526,2025-10-29,Ford,Explorer,2025,39400.0,1,Madaba,Yousef,Installment,58.0,39400.0
527,2025-12-09,BMW,5 Series,2022,54600.0,2,Amman,Ahmad,Bank Transfer,51.0,109200.0
528,2025-07-03,Honda,Accord,2020,32200.0,3,Irbid,Ahmad,Credit Card,33.0,96600.0
529,2025-04-16,Toyota,Camry,2022,35600.0,1,Jerash,Khaled,Bank Transfer,59.0,35600.0
530,2025-08-07,Kia,Cerato,2020,23800.0,1,Salt,Omar,Cash,36.0,23800.0
531,2025-11-23,Toyota,RAV4,2023,36400.0,1,Amman,Sara,Installment,38.0,36400.0
532,2025-12-31,Honda,CR-V,2023,33700.0,3,Amman,Ahmad,Cash,26.0,101100.0
533,2025-02-08,Mercedes,C-Class,2020,53000.0,2,Amman,Yousef,Installment,58.0,106000.0
534,2025-05-11,Honda,Accord,2023,27700.0,1,Salt,Noor,Credit Card,36.0,27700.0
535,2025-01-06,Ford,Focus,2025,26300.0,1,Madaba,Dana,Bank Transfer,30.0,26300.0
536,2025-09-12,Mercedes,GLC,2023,62900.0,3,Salt,Noor,Installment,45.0,188700.0
537,2025-01-13,Honda,Civic,2025,25500.0,2,Salt,Khaled,Credit Card,40.0,51000.0
538,2025-09-30,Hyundai,Elantra,2020,20300.0,1,Irbid,Dana,Credit Card,47.0,20300.0
539,2025-04-21,Kia,Sportage,2025,32400.0,1,Zarqa,Yousef,Bank Transfer,57.0,32400.0
540,2025-09-03,Toyota,Corolla,2024,22100.0,1,Irbid,Khaled,Cash,50.0,22100.0
541,2025-09-26,Honda,Civic,2021,24700.0,1,Zarqa,Yousef,Credit Card,41.0,24700.0
542,2025-06-29,Honda,Civic,2022,26200.0,1,Irbid,Lina,Bank Transfer,43.0,26200.0
543,2025-07-01,Hyundai,Sonata,2020,31100.0,1,Jerash,Ahmad,Installment,55.0,31100.0
544,2025-08-25,Mercedes,E-Class,2020,66000.0,2,Madaba,Ahmad,,28.0,132000.0
545,2025-07-09,Mercedes,E-Class,2023,66800.0,1,Zarqa,Sara,Bank Transfer,51.0,66800.0
546,2025-02-25,Toyota,Corolla,2021,25500.0,3,Madaba,Noor,Credit Card,58.0,76500.0
547,2025-08-15,Kia,Cerato,2022,21500.0,1,Zarqa,Sara,Installment,41.0,21500.0
548,2025-09-30,Mercedes,E-Class,2022,71500.0,1,Madaba,Sara,Installment,58.0,71500.0
549,2025-09-01,Hyundai,Sonata,2025,31800.0,1,Aqaba,Noor,Credit Card,56.0,31800.0
550,2025-04-15,BMW,3 Series,2023,51000.0,1,Aqaba,Khaled,Installment,39.0,51000.0
551,2025-10-11,BMW,X3,2025,52300.0,1,Amman,Omar,Credit Card,60.0,52300.0
552,2025-05-17,Toyota,RAV4,2023,33500.0,1,Jerash,Dana,Installment,32.0,33500.0
553,2025-03-08,Honda,CR-V,2025,34000.0,1,Irbid,Dana,Credit Card,29.0,34000.0
554,2025-07-14,BMW,5 Series,2022,69700.0,3,Irbid,Sara,Installment,35.0,209100.0
555,2025-12-17,Mercedes,C-Class,2024,49300.0,1,Irbid,Lina,Installment,43.0,49300.0
556,2025-06-07,Hyundai,Tucson,2020,30000.0,1,Zarqa,Omar,Cash,45.0,30000.0
557,2025-10-21,Hyundai,Elantra,2023,20100.0,3,Salt,Khaled,Credit Card,35.0,60300.0
558,2025-03-11,Ford,Focus,2024,23900.0,1,Amman,Sara,Installment,43.0,23900.0
559,2025-08-02,Hyundai,Tucson,2021,27300.0,1,Jerash,Dana,Bank Transfer,60.0,27300.0
560,2025-03-02,BMW,5 Series,2020,70300.0,1,Salt,Omar,Cash,57.0,70300.0
561,2025-02-28,Mercedes,C-Class,2025,48800.0,1,Irbid,Ahmad,Installment,50.0,48800.0
562,2025-08-08,Mercedes,GLC,2021,66700.0,3,Irbid,Noor,Cash,59.0,200100.0
563,2025-09-04,Honda,Accord,2024,28300.0,1,Jerash,Lina,Cash,32.0,28300.0
564,2025-11-17,Toyota,RAV4,2025,33900.0,1,Amman,Khaled,Credit Card,41.0,33900.0
565,2025-07-27,Honda,Civic,2025,25200.0,3,Madaba,Khaled,Cash,37.0,75600.0
566,2025-03-19,Ford,Fusion,2024,23500.0,1,Salt,Noor,Bank Transfer,34.0,23500.0
567,2025-08-29,Honda,Civic,2025,27100.0,3,Jerash,Yousef,Installment,55.0,81300.0
568,2025-08-05,Hyundai,Sonata,2024,31700.0,1,Irbid,Omar,Bank Transfer,25.0,31700.0
569,2025-05-26,BMW,5 Series,2025,65500.0,1,Aqaba,Ahmad,Cash,34.0,65500.0
570,2025-03-04,Ford,Focus,2023,21000.0,1,Zarqa,Khaled,Installment,55.0,21000.0
571,2025-05-02,Toyota,RAV4,2022,33900.0,1,Aqaba,Dana,Installment,37.0,33900.0
572,2025-05-21,Honda,CR-V,2021,30900.0,2,Madaba,Omar,Installment,34.0,61800.0
573,2025-07-27,Kia,Sportage,2025,28800.0,1,Aqaba,Dana,Credit Card,24.0,28800.0
574,2025-10-14,Kia,K5,2023,27500.0,1,Zarqa,Noor,Installment,44.0,27500.0
575,2025-09-21,Honda,CR-V,2020,32800.0,1,Jerash,Dana,Installment,59.0,32800.0
576,2025-08-18,BMW,3 Series,2020,45900.0,1,Irbid,Omar,Cash,49.0,45900.0
577,2025-12-16,Honda,Accord,2022,33600.0,3,Madaba,Dana,Credit Card,24.0,100800.0
578,2025-09-28,Kia,Sportage,2025,29400.0,1,Irbid,Dana,Cash,57.0,29400.0
579,2025-05-19,BMW,5 Series,2022,63900.0,1,Zarqa,Ahmad,Installment,24.0,63900.0
580,2025-01-22,Honda,Civic,2020,23400.0,1,Amman,Lina,Credit Card,31.0,23400.0
581,2025-03-17,Kia,Sportage,2021,27500.0,2,Jerash,Noor,Cash,38.0,55000.0
582,2025-03-24,Toyota,RAV4,2020,33600.0,1,Salt,Khaled,Cash,43.0,33600.0
583,2025-03-15,Ford,Focus,2023,21100.0,1,Madaba,Omar,Cash,50.0,21100.0
584,2025-04-26,Honda,CR-V,2020,30400.0,1,Irbid,Omar,Bank Transfer,31.0,30400.0
585,2025-03-05,Mercedes,C-Class,2024,59100.0,1,Irbid,Lina,Cash,38.0,59100.0
586,2025-01-18,Ford,Explorer,2022,38700.0,1,Zarqa,Yousef,Bank Transfer,46.0,38700.0
587,2025-03-17,Ford,Focus,2023,22200.0,1,Aqaba,Yousef,Installment,59.0,22200.0
588,2025-03-20,Ford,Fusion,2021,24800.0,1,Jerash,Dana,Bank Transfer,60.0,24800.0
589,2025-10-19,Hyundai,Elantra,2025,20300.0,3,Salt,Dana,Cash,46.0,60900.0
590,2025-05-31,Hyundai,Sonata,2024,29400.0,3,Madaba,Omar,Bank Transfer,57.0,88200.0
591,2025-10-02,Kia,Sportage,2023,33100.0,2,Salt,Omar,Cash,57.0,66200.0
592,2025-11-22,Mercedes,GLC,2023,62700.0,1,Jerash,Lina,Credit Card,42.0,62700.0
593,2025-10-02,BMW,3 Series,2025,42700.0,3,Jerash,Omar,Cash,49.0,128100.0
594,2025-11-25,Hyundai,Sonata,2023,31400.0,2,Jerash,Sara,Bank Transfer,58.0,62800.0
595,2025-02-19,Ford,Explorer,2020,35800.0,2,Irbid,Yousef,Installment,43.0,71600.0
596,2025-10-27,Ford,Explorer,2024,35200.0,2,Irbid,Yousef,Credit Card,29.0,70400.0
597,2025-12-07,BMW,X3,2023,66300.0,1,Salt,Khaled,Bank Transfer,51.0,66300.0
598,2025-07-13,Kia,K5,2022,26800.0,1,Aqaba,Dana,Cash,52.0,26800.0
599,2025-12-07,Ford,Explorer,2024,38800.0,1,Aqaba,Khaled,Credit Card,32.0,38800.0
600,2025-02-16,Honda,Civic,2020,25300.0,1,Aqaba,Yousef,Credit Card,27.0,25300.0
601,2025-10-23,BMW,5 Series,2023,56300.0,1,Irbid,Sara,Bank Transfer,23.0,56300.0
602,2025-11-01,Hyundai,Tucson,2021,33600.0,1,Irbid,Lina,Credit Card,50.0,33600.0
603,2025-09-23,Hyundai,Sonata,2023,30500.0,3,Aqaba,Omar,Installment,53.0,91500.0
604,2025-09-03,Kia,Cerato,2025,19700.0,3,Salt,Noor,Cash,40.0,59100.0
605,2025-06-09,BMW,X3,2022,62500.0,1,Irbid,Ahmad,Credit Card,32.0,62500.0
606,2025-08-14,Toyota,Camry,2020,32500.0,1,Aqaba,Khaled,Installment,22.0,32500.0
607,2025-06-08,Toyota,RAV4,2023,38700.0,1,Amman,Noor,Credit Card,49.0,38700.0
608,2025-04-20,Honda,Civic,2023,23100.0,3,Madaba,Yousef,Credit Card,44.0,69300.0
609,2025-06-22,Ford,Fusion,2021,25700.0,2,Aqaba,Noor,Credit Card,36.0,51400.0
610,2025-01-18,Kia,Cerato,2020,23200.0,2,,Sara,Bank Transfer,52.0,46400.0
611,2025-04-14,Kia,Sportage,2022,35000.0,3,Zarqa,Noor,Bank Transfer,51.0,105000.0
612,2025-03-28,Ford,Fusion,2023,25200.0,3,Madaba,Yousef,Bank Transfer,52.0,75600.0
613,2025-04-08,Honda,Civic,2020,25100.0,2,Salt,Yousef,Bank Transfer,43.0,50200.0
614,2025-09-30,Mercedes,E-Class,2022,59800.0,1,Aqaba,Sara,Credit Card,43.0,59800.0
615,2025-10-12,Kia,Sportage,2023,32000.0,1,Madaba,Khaled,Cash,51.0,32000.0
616,2025-03-30,Ford,Fusion,2024,29800.0,1,Jerash,Ahmad,Installment,43.0,29800.0
617,2025-02-23,Mercedes,GLC,2025,61000.0,3,Irbid,Dana,Bank Transfer,40.0,183000.0
618,2025-04-21,Ford,Explorer,2020,37700.0,3,Amman,Ahmad,Credit Card,49.0,113100.0
619,2025-05-11,Hyundai,Sonata,2024,29900.0,1,Aqaba,Sara,Cash,47.0,29900.0
620,2025-08-31,Hyundai,Elantra,2023,23800.0,2,Madaba,Sara,Credit Card,47.0,47600.0
621,2025-03-27,Kia,Sportage,2024,32900.0,1,Aqaba,Lina,Bank Transfer,42.0,32900.0
622,2025-08-28,Mercedes,GLC,2023,62800.0,1,Zarqa,Omar,Bank Transfer,33.0,62800.0
623,2025-09-25,Hyundai,Elantra,2023,23200.0,1,Jerash,Khaled,Bank Transfer,34.0,23200.0
624,2025-10-02,Mercedes,E-Class,2021,74900.0,1,Madaba,Noor,Installment,58.0,74900.0
625,2025-02-21,Toyota,Camry,2023,34800.0,1,Madaba,Khaled,Installment,27.0,34800.0
626,2025-06-03,Mercedes,GLC,2024,70100.0,2,Madaba,Noor,Installment,57.0,140200.0
627,2025-04-28,Ford,Focus,2020,26300.0,3,Madaba,Ahmad,Installment,24.0,78900.0
628,2025-08-03,Mercedes,C-Class,2025,50100.0,2,Salt,Khaled,Credit Card,48.0,100200.0
629,2025-12-19,Mercedes,GLC,2020,59900.0,3,Aqaba,Noor,Credit Card,55.0,179700.0
630,2025-04-03,Ford,Focus,2022,23000.0,2,Salt,Khaled,Credit Card,45.0,46000.0
631,2025-03-05,Mercedes,E-Class,2021,71100.0,3,Madaba,Lina,Credit Card,58.0,213300.0
632,2025-07-29,Honda,Civic,2021,26900.0,1,Amman,Ahmad,Credit Card,30.0,26900.0
633,2025-11-04,Toyota,RAV4,2024,32800.0,1,Amman,Ahmad,Installment,54.0,32800.0
634,2025-09-17,Hyundai,Elantra,2023,20600.0,1,Amman,Khaled,Credit Card,29.0,20600.0
635,2025-09-01,Kia,Sportage,2024,29400.0,2,Zarqa,Sara,Bank Transfer,52.0,58800.0
636,2025-01-16,Ford,Focus,2021,21300.0,3,Zarqa,Khaled,Bank Transfer,51.0,63900.0
637,2025-02-08,Hyundai,Elantra,2020,22500.0,1,Amman,Lina,Credit Card,50.0,22500.0
638,2025-01-18,Ford,Explorer,2021,41000.0,2,Irbid,Yousef,Bank Transfer,27.0,82000.0
639,2025-08-25,Kia,Cerato,2021,24100.0,1,Madaba,Noor,Installment,28.0,24100.0
640,2025-01-30,Ford,Explorer,2024,38800.0,3,Amman,Omar,Cash,30.0,116400.0
641,2025-09-03,Kia,K5,2025,23900.0,1,Salt,Lina,Bank Transfer,49.0,23900.0
642,2025-06-29,Toyota,RAV4,2025,35100.0,1,Jerash,Yousef,Installment,38.0,35100.0
643,2025-07-05,Mercedes,GLC,2022,61200.0,3,Amman,Lina,Bank Transfer,51.0,183600.0
644,2025-04-08,BMW,X3,2023,54200.0,2,Salt,Dana,Credit Card,,108400.0
645,2025-03-26,Hyundai,Tucson,2025,30200.0,1,Jerash,Sara,Installment,51.0,30200.0
646,2025-04-29,Ford,Explorer,2023,38700.0,1,Amman,Ahmad,Credit Card,42.0,38700.0
647,2025-11-26,Kia,Sportage,2024,33700.0,1,Zarqa,Khaled,Credit Card,35.0,33700.0
648,2025-09-23,Honda,Civic,2022,23100.0,1,Aqaba,Yousef,Bank Transfer,55.0,23100.0
649,2025-03-08,Ford,Explorer,2025,39700.0,1,Jerash,Omar,Installment,24.0,39700.0
650,2025-07-14,Mercedes,C-Class,2022,46800.0,3,Amman,Lina,Credit Card,33.0,140400.0
651,2025-01-01,Kia,Cerato,2025,23100.0,1,Irbid,Sara,Installment,28.0,23100.0
652,2025-07-07,Toyota,Corolla,2021,22200.0,1,Irbid,Noor,Installment,34.0,22200.0
653,2025-01-25,Toyota,Corolla,2022,25600.0,3,Irbid,Noor,Cash,34.0,76800.0
654,2025-04-02,Hyundai,Sonata,2022,24700.0,1,Zarqa,Dana,Bank Transfer,52.0,24700.0
655,2025-10-29,Honda,Civic,2023,25900.0,2,Amman,Omar,Installment,23.0,51800.0
656,2025-01-25,BMW,5 Series,2025,62800.0,3,Aqaba,Noor,Credit Card,38.0,188400.0
657,2025-04-24,BMW,5 Series,2024,62500.0,2,Jerash,Ahmad,Bank Transfer,31.0,125000.0
658,2025-08-04,Mercedes,GLC,2024,65000.0,3,Amman,Ahmad,Bank Transfer,42.0,195000.0
659,2025-12-14,Honda,Accord,2022,29100.0,2,Aqaba,Sara,Cash,39.0,58200.0
660,2025-02-06,Hyundai,Tucson,2023,33400.0,1,Irbid,Sara,Credit Card,55.0,33400.0
661,2025-06-22,Ford,Focus,2025,23500.0,2,Madaba,Dana,Installment,42.0,47000.0
662,2025-05-14,Kia,K5,2024,31000.0,1,Jerash,Sara,Installment,43.0,31000.0
663,2025-12-09,Mercedes,GLC,2025,69100.0,1,,Ahmad,Cash,59.0,69100.0
664,2025-10-30,Honda,CR-V,2024,32000.0,1,Zarqa,Omar,Bank Transfer,40.0,32000.0
665,2025-11-09,Mercedes,E-Class,2022,72600.0,3,Jerash,Yousef,Credit Card,60.0,217800.0
666,2025-09-03,Kia,Cerato,2020,19200.0,3,Salt,Lina,Cash,48.0,57600.0
667,2025-05-14,Toyota,Camry,2020,30000.0,1,Zarqa,Ahmad,Cash,58.0,30000.0
668,2025-12-21,Ford,Focus,2022,23900.0,1,Amman,Dana,Bank Transfer,38.0,23900.0
669,2025-06-02,Toyota,Corolla,2024,22800.0,1,Salt,Ahmad,Installment,54.0,22800.0
670,2025-01-25,Toyota,Camry,2024,34100.0,1,Madaba,Sara,Cash,21.0,34100.0
671,2025-12-26,BMW,X3,2020,55200.0,2,Jerash,Omar,Credit Card,45.0,110400.0
672,2025-02-17,Kia,Cerato,2025,21800.0,1,,Khaled,Bank Transfer,30.0,21800.0
673,2025-11-25,Ford,Focus,2023,23800.0,2,Jerash,Khaled,Installment,60.0,47600.0
674,2025-09-29,Toyota,Corolla,2020,23000.0,1,Jerash,Sara,Cash,25.0,23000.0
675,2025-04-03,Honda,Civic,2023,27500.0,1,Salt,Lina,Credit Card,30.0,27500.0
676,2025-04-27,Kia,Sportage,2020,34600.0,1,Zarqa,Sara,Cash,33.0,34600.0
677,2025-03-14,Hyundai,Elantra,2023,21500.0,2,Aqaba,Khaled,Credit Card,43.0,43000.0
678,2025-06-28,Honda,CR-V,2024,38500.0,1,Salt,Khaled,Bank Transfer,45.0,38500.0
679,2025-05-10,Honda,Accord,2023,29600.0,1,Amman,Yousef,Credit Card,59.0,29600.0
680,2025-03-23,Hyundai,Sonata,2025,27400.0,1,Zarqa,Noor,Installment,25.0,27400.0
681,2025-11-20,Mercedes,E-Class,2022,60000.0,1,Jerash,Ahmad,Installment,55.0,60000.0
682,2025-01-07,Honda,Accord,2020,31700.0,2,Madaba,Sara,Cash,45.0,63400.0
683,2025-03-21,Honda,Accord,2022,28400.0,2,Aqaba,Sara,Credit Card,37.0,56800.0
684,2025-02-03,Honda,Civic,2024,27900.0,1,Aqaba,Ahmad,Credit Card,44.0,27900.0
685,2025-12-03,BMW,X3,2025,61700.0,1,Madaba,Dana,Bank Transfer,46.0,61700.0
686,2025-03-16,Honda,CR-V,2025,32800.0,1,Madaba,Yousef,Credit Card,46.0,32800.0
687,2025-10-03,Kia,K5,2025,30600.0,1,Madaba,Sara,Bank Transfer,29.0,30600.0
688,2025-02-04,Kia,Cerato,2024,22700.0,2,Zarqa,Sara,Credit Card,60.0,45400.0
689,2025-03-28,Honda,CR-V,2020,34300.0,2,Amman,Sara,Bank Transfer,53.0,68600.0
690,2025-07-28,BMW,X3,2023,60100.0,1,Zarqa,Dana,Cash,52.0,60100.0
691,2025-11-13,Mercedes,GLC,2025,60300.0,3,Jerash,Khaled,Cash,44.0,180900.0
692,2025-12-01,Hyundai,Tucson,2021,29700.0,1,Jerash,Noor,Bank Transfer,35.0,29700.0
693,2025-12-27,BMW,X3,2022,60900.0,3,Irbid,Dana,Installment,52.0,182700.0
694,2025-02-03,Kia,K5,2023,27700.0,1,Madaba,Khaled,Installment,34.0,27700.0
695,2025-07-11,Toyota,Corolla,2021,22200.0,3,Salt,Ahmad,Credit Card,34.0,66600.0
696,2025-02-25,Mercedes,E-Class,2021,61200.0,1,Madaba,Yousef,Installment,41.0,61200.0
697,2025-05-02,Kia,Cerato,2025,19600.0,1,Amman,Sara,Cash,36.0,19600.0
698,2025-12-16,BMW,X3,2021,65600.0,1,Madaba,Ahmad,Bank Transfer,45.0,65600.0
699,2025-04-15,Kia,Cerato,2023,18500.0,1,Salt,Dana,Cash,25.0,18500.0
700,2025-12-08,BMW,3 Series,2021,42200.0,2,Madaba,Noor,Credit Card,49.0,84400.0
701,2025-04-07,Ford,Explorer,2025,43500.0,1,Amman,Dana,Installment,24.0,43500.0
702,2025-10-11,Kia,K5,2022,26500.0,1,Irbid,Ahmad,Bank Transfer,56.0,26500.0
703,2025-12-28,Hyundai,Sonata,2025,26400.0,1,Amman,Yousef,Installment,38.0,26400.0
704,2025-03-20,Ford,Focus,2020,23000.0,3,Irbid,Khaled,Credit Card,50.0,69000.0
705,2025-04-16,BMW,5 Series,2021,55200.0,1,Jerash,Dana,Credit Card,42.0,55200.0
706,2025-12-29,BMW,3 Series,2023,55100.0,2,Salt,Yousef,Credit Card,34.0,110200.0
707,2025-07-17,Toyota,RAV4,2023,41000.0,1,Aqaba,Dana,Bank Transfer,58.0,41000.0
708,2025-11-15,Toyota,Camry,2020,28400.0,1,Amman,Khaled,Installment,55.0,28400.0
709,2025-05-06,Ford,Fusion,2024,29000.0,2,Salt,Sara,Cash,54.0,58000.0
710,2025-09-30,Toyota,RAV4,2025,32300.0,1,Madaba,Noor,Bank Transfer,45.0,32300.0
711,2025-02-26,Honda,Accord,2025,32200.0,1,Aqaba,Omar,Bank Transfer,21.0,32200.0
712,2025-06-28,Hyundai,Elantra,2024,20100.0,1,Amman,Sara,Cash,36.0,20100.0
713,2025-12-02,Hyundai,Tucson,2024,30300.0,1,Aqaba,Ahmad,Installment,30.0,30300.0
714,2025-06-30,Mercedes,C-Class,2020,57000.0,2,Jerash,Lina,Bank Transfer,54.0,114000.0
715,2025-01-02,Ford,Focus,2023,24900.0,1,Irbid,Omar,Cash,37.0,24900.0
716,2025-05-09,Kia,K5,2025,29200.0,2,Madaba,Khaled,Cash,26.0,58400.0
717,2025-12-01,Mercedes,E-Class,2025,67400.0,1,Aqaba,Sara,Credit Card,53.0,67400.0
718,2025-05-10,Honda,Civic,2022,28400.0,3,Jerash,Omar,Cash,36.0,85200.0
719,2025-03-20,Honda,Accord,2025,30300.0,1,Zarqa,Khaled,Cash,54.0,30300.0
720,2025-11-10,Toyota,Corolla,2020,27100.0,1,Jerash,Omar,Bank Transfer,27.0,27100.0
721,2025-03-12,Toyota,Corolla,2024,23200.0,1,Irbid,Omar,Credit Card,56.0,23200.0
722,2025-04-25,Kia,K5,2023,24700.0,1,Jerash,Khaled,Credit Card,32.0,24700.0
723,2025-11-16,Toyota,RAV4,2025,39700.0,1,Madaba,Sara,Credit Card,22.0,39700.0
724,2025-10-05,Honda,Accord,2024,29200.0,2,Jerash,Omar,Cash,31.0,58400.0
725,2025-06-15,BMW,3 Series,2024,46900.0,3,Amman,Yousef,Installment,60.0,140700.0
726,2025-05-10,Ford,Focus,2020,21700.0,1,Amman,Lina,Credit Card,44.0,21700.0
727,2025-07-22,Toyota,Corolla,2020,22200.0,1,Salt,Yousef,Credit Card,49.0,22200.0
728,2025-04-11,BMW,3 Series,2020,44800.0,2,Salt,Omar,Cash,29.0,89600.0
729,2025-02-16,Ford,Focus,2024,22300.0,1,Zarqa,Lina,Cash,33.0,22300.0
730,2025-12-12,Honda,CR-V,2023,32000.0,1,Aqaba,Omar,Cash,46.0,32000.0
731,2025-05-11,BMW,5 Series,2023,65000.0,3,Irbid,Ahmad,Credit Card,39.0,195000.0
732,2025-12-29,Toyota,Corolla,2023,26400.0,1,Amman,Khaled,Credit Card,55.0,26400.0
733,2025-07-08,Hyundai,Elantra,2025,23100.0,2,Madaba,Noor,Cash,45.0,46200.0
734,2025-05-14,BMW,5 Series,2021,64300.0,2,Aqaba,Dana,Bank Transfer,34.0,128600.0
735,2025-01-26,Mercedes,E-Class,2021,70800.0,1,Amman,Yousef,Installment,23.0,70800.0
736,2025-10-13,Hyundai,Elantra,2021,25000.0,2,Amman,Lina,Credit Card,53.0,50000.0
737,2025-05-29,Kia,K5,2025,27000.0,1,Aqaba,Dana,Installment,60.0,27000.0
738,2025-10-06,BMW,5 Series,2020,60600.0,3,Amman,Noor,Installment,22.0,181800.0
739,2025-10-23,Hyundai,Tucson,2025,31300.0,2,Irbid,Dana,Installment,34.0,62600.0
740,2025-07-11,Mercedes,E-Class,2023,71700.0,3,Aqaba,Noor,Credit Card,32.0,215100.0
741,2025-03-12,Hyundai,Tucson,2025,31200.0,1,Zarqa,Noor,Installment,47.0,31200.0
742,2025-03-10,Kia,Sportage,2024,33800.0,1,Zarqa,Khaled,Installment,23.0,33800.0
743,2025-04-03,BMW,3 Series,2024,49200.0,1,Madaba,Ahmad,Credit Card,41.0,49200.0
744,2025-02-04,Kia,Cerato,2022,22500.0,1,Jerash,Noor,Bank Transfer,34.0,22500.0
745,2025-06-18,BMW,5 Series,2023,56100.0,1,Irbid,Omar,Cash,37.0,56100.0
746,2025-12-20,Mercedes,E-Class,2022,68700.0,2,Irbid,Yousef,Credit Card,24.0,137400.0
747,2025-11-26,BMW,3 Series,2022,54200.0,1,Irbid,Noor,Installment,31.0,54200.0
748,2025-05-19,Honda,Civic,2023,25300.0,1,Aqaba,Yousef,Installment,30.0,25300.0
749,2025-12-08,Kia,Cerato,2021,21000.0,1,Salt,Lina,Credit Card,50.0,21000.0
750,2025-02-13,Honda,CR-V,2020,32900.0,3,Madaba,Lina,Credit Card,26.0,98700.0
751,2025-09-23,Toyota,RAV4,2021,32300.0,1,Salt,Dana,Credit Card,41.0,32300.0
752,2025-11-09,Toyota,Camry,2020,30900.0,2,Aqaba,Dana,Installment,47.0,61800.0
753,2025-10-09,BMW,5 Series,2020,67400.0,1,Amman,Sara,Bank Transfer,54.0,67400.0
754,2025-08-01,Toyota,Camry,2024,33300.0,1,Irbid,Omar,Bank Transfer,53.0,33300.0
755,2025-09-03,Kia,K5,2023,27000.0,1,Irbid,Noor,Credit Card,44.0,27000.0
756,2025-06-26,Kia,K5,2023,25400.0,2,Zarqa,Omar,Credit Card,46.0,50800.0
757,2025-02-11,Hyundai,Elantra,2024,23500.0,2,Zarqa,Omar,Cash,50.0,47000.0
758,2025-05-20,Mercedes,E-Class,2022,65000.0,1,Irbid,Yousef,Cash,28.0,65000.0
759,2025-12-05,BMW,3 Series,2024,44400.0,3,Salt,Sara,Credit Card,60.0,133200.0
760,2025-04-18,Mercedes,E-Class,2021,73600.0,1,Aqaba,Omar,Cash,57.0,73600.0
761,2025-03-29,Ford,Fusion,2024,25600.0,1,Aqaba,Dana,Bank Transfer,60.0,25600.0
762,2025-11-26,Ford,Focus,2024,23600.0,1,Aqaba,Yousef,Cash,35.0,23600.0
763,2025-12-07,BMW,X3,2023,61600.0,2,Madaba,Ahmad,Installment,31.0,123200.0
764,2025-12-07,Hyundai,Sonata,2024,24900.0,3,Salt,Yousef,Cash,47.0,74700.0
765,2025-09-12,Honda,Civic,2022,23400.0,3,Aqaba,Dana,Installment,51.0,70200.0
766,2025-12-23,Kia,K5,2020,23800.0,1,Amman,Lina,Cash,32.0,23800.0
767,2025-07-16,Kia,K5,2023,26600.0,1,Irbid,Noor,Credit Card,33.0,26600.0
768,2025-02-11,Honda,Accord,2024,31900.0,1,Madaba,Lina,Cash,53.0,31900.0
769,2025-06-20,Honda,Civic,2024,28300.0,1,Amman,Khaled,Credit Card,35.0,28300.0
770,2025-01-04,Kia,Cerato,2022,19900.0,1,Jerash,Omar,Installment,60.0,19900.0
771,2025-01-09,Hyundai,Elantra,2023,20800.0,3,Salt,Yousef,Credit Card,55.0,62400.0
772,2025-09-17,Ford,Explorer,2020,37800.0,1,Salt,Ahmad,Bank Transfer,35.0,37800.0
773,2025-08-22,Hyundai,Sonata,2023,26400.0,1,Amman,Khaled,Installment,46.0,26400.0
774,2025-09-03,Toyota,RAV4,2022,40100.0,1,Jerash,Omar,Cash,58.0,40100.0
775,2025-11-20,Honda,Accord,2023,32100.0,1,Jerash,Khaled,Credit Card,44.0,32100.0
776,2025-03-21,Honda,Accord,2022,30600.0,1,Amman,Khaled,Cash,35.0,30600.0
777,2025-08-02,Mercedes,E-Class,2023,68600.0,1,Amman,Noor,Credit Card,32.0,68600.0
778,2025-12-09,Honda,Civic,2023,27900.0,1,Madaba,Yousef,Installment,35.0,27900.0
779,2025-02-06,Honda,Civic,2024,24000.0,1,Salt,Sara,Credit Card,38.0,24000.0
780,2025-01-19,Ford,Fusion,2023,25000.0,2,Salt,Lina,Bank Transfer,24.0,50000.0
781,2025-02-11,Mercedes,E-Class,2021,66100.0,1,Amman,Yousef,Bank Transfer,25.0,66100.0
782,2025-05-08,BMW,5 Series,2021,66400.0,2,Zarqa,Yousef,Installment,21.0,132800.0
783,2025-02-18,Hyundai,Elantra,2025,20500.0,3,Amman,Ahmad,Cash,51.0,61500.0
784,2025-11-02,Hyundai,Elantra,2025,22100.0,1,Amman,Yousef,Credit Card,53.0,22100.0
785,2025-04-18,Ford,Focus,2022,23600.0,1,Irbid,Khaled,Credit Card,21.0,23600.0
786,2025-07-01,Honda,Accord,2022,31400.0,2,Amman,Lina,Cash,41.0,62800.0
787,2025-12-19,BMW,X3,2025,66000.0,1,Amman,Yousef,Bank Transfer,41.0,66000.0
788,2025-02-24,Mercedes,C-Class,2022,56000.0,3,Aqaba,Lina,Installment,54.0,168000.0
789,2025-03-28,Kia,Sportage,2025,30100.0,3,Amman,Ahmad,Cash,22.0,90300.0
790,2025-11-11,Mercedes,GLC,2025,56300.0,1,Aqaba,Ahmad,Cash,47.0,56300.0
791,2025-11-21,Honda,Accord,2025,32000.0,1,Jerash,Omar,Cash,27.0,32000.0
792,2025-07-16,Toyota,RAV4,2023,32600.0,2,Madaba,Lina,Installment,44.0,65200.0
793,2025-05-26,Kia,Cerato,2023,21600.0,3,Irbid,Ahmad,Bank Transfer,32.0,64800.0
794,2025-10-06,BMW,3 Series,2025,52200.0,1,Amman,Ahmad,Bank Transfer,52.0,52200.0
795,2025-08-02,Hyundai,Elantra,2023,22200.0,3,Zarqa,Sara,Cash,32.0,66600.0
796,2025-01-10,Hyundai,Elantra,2024,20700.0,1,Jerash,Sara,Bank Transfer,52.0,20700.0
797,2025-08-08,Ford,Explorer,2023,39700.0,1,Irbid,Sara,Bank Transfer,49.0,39700.0
798,2025-02-07,BMW,5 Series,2025,65600.0,2,Zarqa,Khaled,Cash,29.0,131200.0
799,2025-08-08,Ford,Explorer,2022,44400.0,3,Madaba,Lina,Bank Transfer,40.0,133200.0
800,2025-06-15,Toyota,Camry,2022,28700.0,2,Jerash,Lina,Bank Transfer,44.0,57400.0
801,2025-05-13,Toyota,Corolla,2020,21400.0,1,Aqaba,Omar,Credit Card,58.0,21400.0
802,2025-05-02,Hyundai,Tucson,2021,32700.0,2,Amman,Lina,Bank Transfer,51.0,65400.0
803,2025-11-10,Mercedes,GLC,2021,54700.0,3,Zarqa,Noor,Credit Card,35.0,164100.0
804,2025-01-03,Ford,Fusion,2021,25800.0,1,Madaba,Noor,Credit Card,23.0,25800.0
805,2025-01-04,Kia,Cerato,2020,22000.0,1,Irbid,Khaled,Installment,37.0,22000.0
806,2025-08-07,Hyundai,Sonata,2022,27700.0,1,Salt,Sara,Cash,44.0,27700.0
807,2025-12-23,Ford,Explorer,2022,42700.0,1,Madaba,Sara,Bank Transfer,45.0,42700.0
808,2025-08-20,Kia,K5,2025,23900.0,1,Amman,Sara,Cash,22.0,23900.0
809,2025-06-20,Toyota,Corolla,2023,22600.0,2,Zarqa,Omar,Credit Card,23.0,45200.0
810,2025-04-13,Mercedes,E-Class,2023,73200.0,2,Jerash,Yousef,Cash,32.0,146400.0
811,2025-02-04,Kia,K5,2020,26700.0,3,Zarqa,Dana,Cash,46.0,80100.0
812,2025-04-26,Mercedes,E-Class,2024,70300.0,1,Irbid,Sara,Installment,51.0,70300.0
813,2025-01-20,Mercedes,C-Class,2024,50100.0,1,Amman,Omar,Credit Card,36.0,50100.0
814,2025-04-01,Toyota,RAV4,2020,36100.0,3,Madaba,Noor,Credit Card,22.0,108300.0
815,2025-02-18,Ford,Focus,2023,20500.0,3,Aqaba,Ahmad,Credit Card,25.0,61500.0
816,2025-08-31,Honda,Accord,2025,27100.0,3,Jerash,Dana,Credit Card,35.0,81300.0
817,2025-01-16,BMW,X3,2023,63500.0,1,Madaba,Noor,Bank Transfer,54.0,63500.0
818,2025-11-21,Hyundai,Sonata,2025,29700.0,1,Jerash,Lina,Cash,59.0,29700.0
819,2025-05-08,Kia,Cerato,2022,20300.0,3,Jerash,Omar,Bank Transfer,58.0,60900.0
820,2025-02-17,Kia,Sportage,2023,32400.0,1,Jerash,Sara,Cash,49.0,32400.0
821,2025-01-03,Ford,Focus,2021,22400.0,2,Salt,Lina,Bank Transfer,53.0,44800.0
822,2025-02-08,Ford,Fusion,2022,28000.0,3,Jerash,Noor,Credit Card,22.0,84000.0
823,2025-10-18,Mercedes,GLC,2021,68200.0,1,Jerash,Lina,Bank Transfer,21.0,68200.0
824,2025-07-29,Toyota,RAV4,2025,37400.0,1,Madaba,Lina,Cash,30.0,37400.0
825,2025-01-10,Kia,Cerato,2021,21100.0,3,Irbid,Lina,Installment,41.0,63300.0
826,2025-08-06,Toyota,RAV4,2025,40600.0,1,Salt,Yousef,Cash,46.0,40600.0
827,2025-09-11,Ford,Explorer,2023,34900.0,3,Jerash,Sara,Installment,21.0,104700.0
828,2025-07-27,Kia,Sportage,2023,33300.0,3,Jerash,Sara,Cash,22.0,99900.0
829,2025-12-24,Ford,Explorer,2025,39600.0,1,Madaba,Ahmad,Bank Transfer,28.0,39600.0
830,2025-12-07,Toyota,Corolla,2025,21800.0,1,Aqaba,Dana,Credit Card,51.0,21800.0
831,2025-10-12,BMW,3 Series,2024,49300.0,1,Madaba,Dana,Installment,40.0,49300.0
832,2025-08-20,Kia,K5,2024,24200.0,1,Salt,Dana,Credit Card,48.0,24200.0
833,2025-03-14,Ford,Explorer,2025,44800.0,1,Amman,Khaled,Bank Transfer,44.0,44800.0
834,2025-08-08,Kia,K5,2024,29100.0,1,Jerash,Yousef,Cash,27.0,29100.0
835,2025-01-25,BMW,3 Series,2022,51200.0,1,Amman,Yousef,Bank Transfer,21.0,51200.0
836,2025-03-08,Honda,Accord,2021,27900.0,3,Madaba,Yousef,Credit Card,26.0,83700.0
837,2025-07-23,Kia,K5,2021,28900.0,1,Madaba,Yousef,Installment,59.0,28900.0
838,2025-04-27,Hyundai,Elantra,2020,21200.0,1,Aqaba,Yousef,Credit Card,23.0,21200.0
839,2025-10-28,Ford,Explorer,2022,36600.0,2,Irbid,Yousef,Cash,44.0,73200.0
840,2025-01-16,Honda,Accord,2022,34300.0,2,Zarqa,Ahmad,Bank Transfer,35.0,68600.0
841,2025-04-25,Honda,Civic,2021,26000.0,1,Aqaba,Sara,Cash,55.0,26000.0
842,2025-06-27,Kia,K5,2022,25900.0,1,Jerash,Khaled,Bank Transfer,59.0,25900.0
843,2025-06-25,Mercedes,GLC,2020,68400.0,3,Jerash,Omar,Cash,27.0,205200.0
844,2025-11-29,Hyundai,Sonata,2024,31800.0,2,Amman,Lina,Installment,55.0,63600.0
845,2025-03-21,Ford,Fusion,2023,23900.0,1,Irbid,Sara,Cash,25.0,23900.0
846,2025-06-30,Mercedes,E-Class,2022,73300.0,3,Aqaba,Lina,Installment,56.0,219900.0
847,2025-01-22,Hyundai,Elantra,2021,21500.0,1,Irbid,Yousef,Installment,59.0,21500.0
848,2025-09-30,Honda,CR-V,2024,30300.0,3,Aqaba,Khaled,Bank Transfer,29.0,90900.0
849,2025-06-25,Honda,Accord,2020,27700.0,2,Madaba,Noor,Bank Transfer,53.0,55400.0
850,2025-01-02,Mercedes,E-Class,2021,64300.0,2,Zarqa,Ahmad,Bank Transfer,57.0,128600.0
851,2025-12-03,BMW,3 Series,2025,47900.0,1,Irbid,Omar,Installment,30.0,47900.0
852,2025-04-10,Mercedes,C-Class,2024,58000.0,1,Irbid,Ahmad,Credit Card,49.0,58000.0
853,2025-06-06,Kia,K5,2025,26300.0,1,Jerash,Yousef,Installment,38.0,26300.0
854,2025-09-27,BMW,3 Series,2020,52900.0,1,Zarqa,Sara,Credit Card,58.0,52900.0
855,2025-02-27,Kia,K5,2021,30400.0,2,Amman,Ahmad,Credit Card,33.0,60800.0
856,2025-10-20,Hyundai,Tucson,2025,31900.0,2,Aqaba,Omar,Installment,25.0,63800.0
857,2025-05-06,Ford,Focus,2024,26200.0,1,Zarqa,Noor,Credit Card,32.0,26200.0
858,2025-03-03,Kia,Sportage,2021,30400.0,1,Zarqa,Noor,Installment,45.0,30400.0
859,2025-05-10,Mercedes,C-Class,2023,47700.0,1,Salt,Noor,Cash,51.0,47700.0
860,2025-04-20,Hyundai,Tucson,2021,28400.0,3,Salt,Omar,Credit Card,30.0,85200.0
861,2025-01-03,Mercedes,GLC,2020,66100.0,1,Irbid,Ahmad,Credit Card,44.0,66100.0
862,2025-10-25,Kia,K5,2022,26600.0,1,Aqaba,Ahmad,Installment,22.0,26600.0
863,2025-04-10,Mercedes,GLC,2021,60600.0,3,Aqaba,Noor,Installment,42.0,181800.0
864,2025-01-30,Kia,Sportage,2025,29100.0,3,Irbid,Ahmad,Bank Transfer,29.0,87300.0
865,2025-08-03,Mercedes,C-Class,2022,51500.0,1,Zarqa,Dana,Installment,46.0,51500.0
866,2025-06-16,Mercedes,E-Class,2022,69400.0,1,Aqaba,Ahmad,Cash,39.0,69400.0
867,2025-12-18,Kia,Sportage,2020,29200.0,1,Aqaba,Dana,Cash,48.0,29200.0
868,2025-06-10,Kia,Cerato,2020,20800.0,3,Zarqa,Khaled,Cash,38.0,62400.0
869,2025-02-08,BMW,3 Series,2025,54100.0,3,Amman,Omar,Installment,21.0,162300.0
870,2025-06-15,Toyota,Camry,2021,35000.0,1,Irbid,Dana,Credit Card,47.0,35000.0
871,2025-07-05,Toyota,Camry,2020,31200.0,3,Madaba,Noor,Credit Card,26.0,93600.0
872,2025-05-31,BMW,X3,2023,60900.0,1,Jerash,Dana,Credit Card,45.0,60900.0
873,2025-01-09,Kia,Cerato,2020,19500.0,1,Jerash,Lina,Credit Card,45.0,19500.0
874,2025-08-18,Kia,K5,2022,30600.0,1,Zarqa,Khaled,Credit Card,26.0,30600.0
875,2025-05-13,Honda,Civic,2022,22700.0,1,Zarqa,Sara,Cash,50.0,22700.0
876,2025-07-29,Hyundai,Elantra,2020,23400.0,3,Aqaba,Yousef,Cash,22.0,70200.0
877,2025-11-10,Kia,Cerato,2022,21500.0,1,Madaba,Yousef,Bank Transfer,35.0,21500.0
878,2025-07-11,Hyundai,Tucson,2021,33900.0,1,Zarqa,Omar,Installment,43.0,33900.0
879,2025-07-14,BMW,5 Series,2022,61400.0,3,Irbid,Noor,Installment,45.0,184200.0
880,2025-10-21,Toyota,Corolla,2022,25200.0,1,Jerash,Yousef,Cash,21.0,25200.0
881,2025-12-22,Kia,Sportage,2021,28400.0,2,,Yousef,Cash,60.0,56800.0
882,2025-09-05,BMW,X3,2023,63800.0,1,Madaba,Noor,Bank Transfer,50.0,63800.0
883,2025-12-13,Kia,Cerato,2024,23900.0,1,Amman,Omar,Installment,51.0,23900.0
884,2025-08-08,Toyota,RAV4,2025,35600.0,1,Aqaba,Khaled,Bank Transfer,43.0,35600.0
885,2025-12-25,Toyota,Camry,2020,27400.0,1,Salt,Yousef,Credit Card,25.0,27400.0
886,2025-02-07,Hyundai,Elantra,2024,22100.0,3,Aqaba,Omar,Cash,22.0,66300.0
887,2025-08-13,Toyota,Camry,2025,30000.0,1,Amman,Sara,Cash,33.0,30000.0
888,2025-04-04,Mercedes,C-Class,2020,59300.0,2,Salt,Omar,Credit Card,59.0,118600.0
889,2025-03-10,Kia,Cerato,2025,23100.0,3,Madaba,Ahmad,Installment,44.0,69300.0
890,2025-02-08,BMW,5 Series,2023,61600.0,3,Amman,Noor,Installment,52.0,184800.0
891,2025-06-27,Ford,Explorer,2023,35700.0,1,Salt,Lina,Bank Transfer,52.0,35700.0
892,2025-08-02,BMW,X3,2023,52600.0,3,Amman,Omar,Installment,38.0,157800.0
893,2025-11-07,Toyota,Camry,2023,32200.0,2,Zarqa,Dana,Credit Card,38.0,64400.0
894,2025-10-16,Kia,Sportage,2024,28200.0,1,Amman,Yousef,Cash,43.0,28200.0
895,2025-10-03,Toyota,RAV4,2020,35200.0,3,Madaba,Sara,Cash,59.0,105600.0
896,2025-03-14,Kia,K5,2025,29900.0,1,Amman,Dana,Cash,37.0,29900.0
897,2025-02-03,Mercedes,GLC,2025,66800.0,3,Aqaba,Ahmad,Installment,30.0,200400.0
898,2025-09-10,BMW,3 Series,2022,46200.0,1,Madaba,Khaled,Cash,36.0,46200.0
899,2025-10-18,Honda,CR-V,2021,32600.0,2,Amman,Yousef,Credit Card,56.0,65200.0
900,2025-06-02,Toyota,Corolla,2025,24100.0,2,Irbid,Ahmad,Installment,58.0,48200.0
901,2025-07-17,Mercedes,E-Class,2020,73100.0,3,Salt,Omar,Bank Transfer,35.0,219300.0
902,2025-01-31,Kia,K5,2020,25200.0,1,Zarqa,Khaled,Cash,52.0,25200.0
903,2025-07-10,Toyota,Camry,2023,28000.0,3,Madaba,Sara,Cash,52.0,84000.0
904,2025-05-17,Hyundai,Sonata,2025,26700.0,1,Aqaba,Sara,Installment,28.0,26700.0
905,2025-12-14,Hyundai,Sonata,2021,28600.0,3,Zarqa,Sara,Bank Transfer,31.0,85800.0
906,2025-01-15,Honda,Civic,2023,26900.0,1,Jerash,Sara,Cash,57.0,26900.0
907,2025-05-10,Honda,Civic,2021,23300.0,2,Aqaba,Khaled,Installment,24.0,46600.0
908,2025-11-27,Ford,Fusion,2025,27400.0,1,Aqaba,Dana,Credit Card,28.0,27400.0
909,2025-04-28,Kia,Sportage,2024,33600.0,1,Irbid,Sara,Cash,55.0,33600.0
910,2025-03-19,Mercedes,GLC,2023,62600.0,3,Aqaba,Sara,Bank Transfer,45.0,187800.0
911,2025-07-07,Kia,K5,2022,31000.0,3,Aqaba,Lina,Installment,43.0,93000.0
912,2025-05-01,Kia,Cerato,2023,18800.0,1,Zarqa,Sara,Cash,41.0,18800.0
913,2025-12-03,BMW,5 Series,2020,62300.0,1,Zarqa,Khaled,Credit Card,26.0,62300.0
914,2025-08-25,Ford,Fusion,2022,29100.0,2,Irbid,Omar,Bank Transfer,43.0,58200.0
915,2025-06-07,Kia,Cerato,2025,24000.0,2,Amman,Dana,Credit Card,26.0,48000.0
916,2025-10-07,Mercedes,E-Class,2022,62500.0,3,Madaba,Omar,Installment,35.0,187500.0
917,2025-02-13,Mercedes,E-Class,2025,62400.0,1,Aqaba,Ahmad,Bank Transfer,48.0,62400.0
918,2025-06-12,Hyundai,Tucson,2024,33900.0,1,Aqaba,Yousef,Credit Card,48.0,33900.0
919,2025-04-28,Mercedes,E-Class,2025,67200.0,1,Salt,Yousef,,24.0,67200.0
920,2025-10-20,Mercedes,C-Class,2020,57000.0,1,Irbid,Khaled,Bank Transfer,60.0,57000.0
921,2025-08-30,Hyundai,Tucson,2025,29500.0,3,Madaba,Lina,Credit Card,38.0,88500.0
922,2025-12-30,Hyundai,Elantra,2025,24800.0,1,Jerash,Khaled,Credit Card,40.0,24800.0
923,2025-10-17,Mercedes,GLC,2022,60100.0,3,Irbid,Sara,Credit Card,29.0,180300.0
924,2025-10-08,Mercedes,E-Class,2020,62900.0,1,Aqaba,Noor,Installment,45.0,62900.0
925,2025-05-27,Mercedes,GLC,2022,54000.0,2,Jerash,Lina,Cash,34.0,108000.0
926,2025-12-23,Toyota,Camry,2022,34400.0,1,Amman,Omar,Bank Transfer,22.0,34400.0
927,2025-08-09,Hyundai,Sonata,2025,25400.0,2,Zarqa,Noor,Credit Card,29.0,50800.0
928,2025-08-24,Honda,Accord,2024,30900.0,1,Jerash,Dana,Cash,53.0,30900.0
929,2025-06-04,Honda,Accord,2023,30800.0,3,Amman,Sara,Installment,53.0,92400.0
930,2025-10-25,Ford,Focus,2020,22900.0,1,Irbid,Ahmad,Installment,43.0,22900.0
931,2025-10-08,Mercedes,E-Class,2024,78100.0,1,Zarqa,Lina,Credit Card,44.0,78100.0
932,2025-06-12,BMW,5 Series,2025,67700.0,1,Amman,Noor,Credit Card,28.0,67700.0
933,2025-12-18,Ford,Focus,2022,20300.0,1,Jerash,Lina,Bank Transfer,37.0,20300.0
934,2025-01-09,Toyota,RAV4,2025,38200.0,3,Amman,Lina,Cash,49.0,114600.0
935,2025-09-19,Kia,Cerato,2021,22200.0,1,Zarqa,Ahmad,Cash,21.0,22200.0
936,2025-08-21,Hyundai,Elantra,2025,22000.0,1,Zarqa,Sara,Installment,30.0,22000.0
937,2025-02-08,Toyota,Corolla,2020,27500.0,2,Salt,Omar,Credit Card,59.0,55000.0
938,2025-10-18,Toyota,Camry,2023,34800.0,2,Salt,Lina,Bank Transfer,58.0,69600.0
939,2025-11-27,Mercedes,GLC,2023,67300.0,3,Amman,Omar,Cash,59.0,201900.0
940,2025-03-03,Hyundai,Tucson,2022,31000.0,1,Irbid,Dana,Cash,54.0,31000.0
941,2025-05-25,Kia,Cerato,2023,23300.0,2,Irbid,Yousef,Bank Transfer,49.0,46600.0
942,2025-12-23,BMW,X3,2020,64000.0,2,Amman,Khaled,Installment,52.0,128000.0
943,2025-04-19,Ford,Explorer,2020,34700.0,3,Jerash,Yousef,Installment,25.0,104100.0
944,2025-03-03,Kia,Sportage,2020,32700.0,1,Salt,Khaled,Cash,42.0,32700.0
945,2025-10-25,Ford,Focus,2023,24900.0,1,Aqaba,Dana,Credit Card,47.0,24900.0
946,2025-09-11,Honda,Accord,2024,31900.0,1,Salt,Omar,Installment,36.0,31900.0
947,2025-04-15,Toyota,RAV4,2025,35700.0,3,Aqaba,Omar,Bank Transfer,32.0,107100.0
948,2025-04-06,Honda,Civic,2020,24100.0,2,Amman,Khaled,Credit Card,35.0,48200.0
949,2025-08-14,Ford,Fusion,2023,26100.0,1,Madaba,Dana,Credit Card,25.0,26100.0
950,2025-07-03,BMW,3 Series,2025,49900.0,1,Amman,Lina,Cash,48.0,49900.0
951,2025-11-10,Ford,Explorer,2023,40100.0,1,Zarqa,Yousef,Installment,42.0,40100.0
952,2025-06-11,Mercedes,GLC,2025,63500.0,1,Zarqa,Noor,Installment,53.0,63500.0
953,2025-04-23,Honda,CR-V,2025,35500.0,1,Madaba,Noor,Bank Transfer,27.0,35500.0
954,2025-04-23,Ford,Focus,2024,22800.0,2,Aqaba,Dana,Installment,50.0,45600.0
955,2025-02-14,Toyota,RAV4,2021,36400.0,1,Aqaba,Sara,Bank Transfer,56.0,36400.0
956,2025-07-09,Honda,CR-V,2021,34000.0,1,Jerash,Omar,Installment,57.0,34000.0
957,2025-11-19,Toyota,Camry,2023,28300.0,1,Irbid,Yousef,Bank Transfer,39.0,28300.0
958,2025-10-22,Honda,Accord,2021,30400.0,1,Amman,Ahmad,Installment,30.0,30400.0
959,2025-10-20,Honda,Accord,2020,29500.0,3,Aqaba,Dana,Bank Transfer,45.0,88500.0
960,2025-10-07,Honda,CR-V,2021,37100.0,1,Zarqa,Ahmad,Installment,55.0,37100.0
961,2025-08-17,Honda,Civic,2024,27800.0,1,Jerash,Dana,Installment,53.0,27800.0
962,2025-01-31,Hyundai,Sonata,2022,28500.0,3,Irbid,Khaled,Bank Transfer,31.0,85500.0
963,2025-01-16,BMW,X3,2023,54400.0,1,Jerash,Yousef,Cash,37.0,54400.0
964,2025-10-24,Kia,Sportage,2025,30300.0,3,Madaba,Sara,Installment,26.0,90900.0
965,2025-06-06,Kia,K5,2020,25600.0,1,Zarqa,Khaled,Credit Card,39.0,25600.0
966,2025-03-02,Hyundai,Sonata,2025,30700.0,3,Aqaba,Noor,Bank Transfer,29.0,92100.0
967,2025-01-10,Toyota,Corolla,2020,24400.0,1,Aqaba,Sara,Cash,21.0,24400.0
968,2025-07-25,Kia,Cerato,2023,20200.0,1,Jerash,Sara,Cash,49.0,20200.0
969,2025-06-02,Hyundai,Elantra,2021,20800.0,3,Irbid,Khaled,Credit Card,25.0,62400.0
970,2025-03-30,Hyundai,Sonata,2023,25500.0,3,Irbid,Khaled,Bank Transfer,40.0,76500.0
971,2025-08-08,Toyota,Camry,2023,32600.0,2,Zarqa,Ahmad,Bank Transfer,53.0,65200.0
972,2025-05-30,BMW,X3,2025,52400.0,1,Madaba,Ahmad,Bank Transfer,33.0,52400.0
973,2025-11-30,Toyota,Corolla,2021,22700.0,1,Zarqa,Khaled,Bank Transfer,50.0,22700.0
974,2025-10-23,Mercedes,GLC,2025,54200.0,2,Amman,Yousef,Cash,43.0,108400.0
975,2025-11-26,Hyundai,Tucson,2020,30600.0,1,Zarqa,Lina,Credit Card,56.0,30600.0
976,2025-10-20,Hyundai,Tucson,2022,32600.0,3,Madaba,Ahmad,Credit Card,42.0,97800.0
977,2025-08-04,Toyota,Corolla,2024,23900.0,1,Madaba,Yousef,Credit Card,55.0,23900.0
978,2025-07-23,BMW,3 Series,2023,54800.0,1,Madaba,Sara,Installment,59.0,54800.0
979,2025-05-21,Honda,CR-V,2023,31200.0,1,Irbid,Ahmad,Credit Card,44.0,31200.0
980,2025-08-18,Toyota,RAV4,2024,32500.0,2,Jerash,Sara,Bank Transfer,51.0,65000.0
981,2025-04-02,Ford,Explorer,2022,38600.0,2,Irbid,Noor,Bank Transfer,27.0,77200.0
982,2025-12-26,Honda,Accord,2021,29000.0,1,Aqaba,Omar,Bank Transfer,46.0,29000.0
983,2025-03-06,Honda,Accord,2025,27500.0,1,Irbid,Dana,Cash,,27500.0
984,2025-03-29,BMW,3 Series,2023,52600.0,3,Aqaba,Khaled,Installment,42.0,157800.0
985,2025-10-07,Hyundai,Sonata,2020,25600.0,1,Madaba,Lina,Cash,31.0,25600.0
986,2025-06-01,Hyundai,Tucson,2024,31300.0,3,Madaba,Omar,Credit Card,36.0,93900.0
987,2025-06-12,Ford,Fusion,2020,24500.0,1,Zarqa,Yousef,Cash,37.0,24500.0
988,2025-05-18,BMW,5 Series,2021,60400.0,1,Zarqa,Omar,Credit Card,32.0,60400.0
989,2025-01-26,Honda,Accord,2025,28700.0,1,Zarqa,Ahmad,,22.0,28700.0
990,2025-04-20,Toyota,Camry,2023,29200.0,1,Amman,Ahmad,Cash,40.0,29200.0
991,2025-04-15,Kia,Sportage,2023,29200.0,3,Madaba,Omar,Installment,59.0,87600.0
992,2025-09-29,Toyota,Camry,2022,33200.0,3,Amman,Sara,Cash,59.0,99600.0
993,2025-08-02,Mercedes,E-Class,2024,60500.0,1,Madaba,Dana,Cash,53.0,60500.0
994,2025-07-21,BMW,5 Series,2023,54600.0,1,Aqaba,Yousef,Installment,33.0,54600.0
995,2025-06-25,Toyota,Corolla,2021,26900.0,1,Amman,Omar,Bank Transfer,29.0,26900.0
996,2025-11-17,Hyundai,Tucson,2020,33300.0,1,Irbid,Yousef,Cash,35.0,33300.0
997,2025-08-03,Mercedes,C-Class,2024,49800.0,1,Jerash,Dana,Bank Transfer,45.0,49800.0
998,2025-03-01,Mercedes,C-Class,2025,53800.0,1,Salt,Ahmad,Cash,26.0,53800.0
999,2025-01-14,Kia,Sportage,2021,33900.0,3,Aqaba,Lina,Cash,35.0,101700.0
1000,2025-11-03,BMW,3 Series,2023,52700.0,2,Madaba,Omar,Cash,49.0,105400.0
779,2025-02-06,Honda,Civic,2024,24000.0,1,Salt,Sara,Credit Card,38.0,24000.0
335,2025-05-27,Honda,Accord,2023,30200.0,1,Irbid,Lina,Cash,42.0,30200.0
272,2025-06-09,Kia,Sportage,2021,32300.0,3,Jerash,Dana,Installment,52.0,96900.0
803,2025-11-10,Mercedes,GLC,2021,54700.0,3,Zarqa,Noor,Credit Card,35.0,164100.0
217,2025-06-18,BMW,5 Series,2025,59900.0,1,Amman,Dana,Cash,29.0,59900.0
